System,lambda,lambda_err,psi,psi_err,sy_snum,sy_pnum,pl_orbper,pl_orbper_err,pl_orbsmax,pl_orbsmax_err,pl_rade,pl_rade_err,pl_bmassj,pl_bmassj_err,pl_orbeccen,pl_orbeccen_err,pl_insol,pl_insol_err,pl_eqt,pl_eqt_err,pl_ratdor,pl_ratdor_err,pl_ratror,pl_ratror_err,st_spectype,st_teff,st_teff_err,st_rad,st_rad_err,st_mass,st_mass_err,st_met,st_met_err,st_lum,st_lum_err,st_logg,st_logg_err,st_age,st_age_err,st_vsin,st_vsin_err,st_rotp,st_rotp_err
55 Cnc e,10.0,18.5,23.0,13.0,2,5,0.7365474,1.35e-06,0.01544,5e-05,1.875,0.029,0.02514,0.0010249999999999999,0.05,0.03,,,,,3.52,0.01,0.0182,0.0002,,5172.0,18.0,0.94,0.01,0.91,0.01,0.35,0.1,,,4.43,0.02,,,1.23,0.01,38.8,0.05
pi Men c,24.0,4.1,26.9,5.25,1,3,6.26791,0.00043,0.069,0.003,,,0.011,0.001,0.077,0.0625,,,,,,,,,,5998.0,62.0,,,1.1,0.14,,,,,,,,,,,,
AU Mic b,4.7,6.6,,,1,3,8.4629991,8.4629991,0.0645,0.0013,,,0.0633,0.005175,0.186,0.035500000000000004,,,,,,,,,,3540.0,115.0,,,0.5,0.03,,,,,,,,,,,,
CoRoT-1 b,77.0,11.0,,,1,1,1.5089557,6.4e-06,,,16.7,0.9,1.03,0.12,0.0,0.0,,,1898.0,50.0,4.92,0.08,0.1388,0.0021,G0 V,5950.0,150.0,1.11,0.05,0.95,0.15,-0.3,0.25,,,4.25,0.3,,,5.2,1.0,,
CoRoT-2 b,7.2,4.5,,,2,1,1.7429935,1e-06,0.02798,0.0007800000000000001,16.432,0.482,3.47,0.22,0.0143,0.0076500000000000005,,,,,,,,,,5625.0,120.0,0.91,0.03,0.96,0.08,,,,,,,2.7,2.95,10.87,0.32,,
CoRoT-3 b,37.6,16.15,,,1,1,4.2568,5e-06,,,11.32,0.78,21.66,1.0,0.0,0.0,,,,,7.8,0.4,0.0663,0.0009,F3 V,6740.0,140.0,1.56,0.09,1.37,0.09,,,,,4.22,0.07,2.2,0.6,17.0,1.0,,
CoRoT-11 b,0.1,2.6,,,1,1,2.99433,1.1e-05,0.0436,0.005,16.03,0.34,2.33,0.34,0.0,0.0,,,1657.0,55.0,6.89,0.08,0.107,0.0005,F6 V,6440.0,120.0,1.37,0.03,1.27,0.05,-0.03,0.08,,,4.22,0.23,2.0,1.0,40.0,5.0,,
CoRoT-18 b,10.0,20.0,20.0,20.0,1,1,1.9000693,2.8e-06,0.0295,0.0016,14.68,2.02,3.47,0.38,0.08,0.08,,,1550.0,90.0,6.35,0.4,0.1341,0.0019,G9 V,5440.0,100.0,1.0,0.13,0.95,0.15,-0.1,0.1,,,4.4,0.1,,,8.0,1.0,,
CoRoT-19 b,52.0,24.5,,,1,1,3.89713,2e-05,0.0518,0.0008,14.46,0.34,1.11,0.06,0.047,0.045,,,2000.0,150.0,6.7,0.1,0.0786,0.0004,F9 V,6090.0,70.0,1.65,0.04,1.21,0.05,-0.02,0.1,0.544,0.025,4.07,0.03,5.0,1.0,6.0,1.0,,
CoRoT-36 b,84.19999999999999,11.3,,,1,1,5.616531,2.3e-05,0.066,0.007,15.805,1.569,0.68,0.44999999999999996,0.0,0.0,,,1567.0,35.0,,,,,F3 V,6730.0,140.0,1.52,0.15000000000000002,1.32,0.09,-0.1,0.1,,,4.16,0.06,2.1,0.55,25.6,0.3,,
DS Tuc A b,2.93,0.875,,,2,1,8.138268,1.1e-05,,,5.7,0.17,,,0.0,0.0,,,850.0,850.0,20.35,0.49,0.05419,0.00024,G6 V,5428.0,80.0,0.96,0.03,1.01,0.06,0.0,0.0,-0.14,0.008,,,0.045,0.004,17.8,0.2,2.85,0.045
GJ 436 b,114.0,20.0,103.0,12.5,1,1,2.64388312,5.7e-07,0.0291,0.0015,4.17,0.168,0.07,0.007,0.13827,0.00018,,,,,13.73,0.445,0.0822,0.0010500000000000002,,3416.0,54.0,0.46,0.02,0.47,0.07,,,,,4.79,0.045,,,,,,
GJ 3470 b,101.0,21.5,97.0,13.5,1,1,3.3366496,3.6000000000000003e-06,0.0355,0.0019,4.57,0.18,0.04373,0.00472,,,,,593.5,96.5,13.98,0.24000000000000002,,,,3600.0,100.0,0.55,0.02,0.54,0.045,0.2,0.1,,,4.7,0.05,,,,,,
HAT-P-1 b,3.7,2.1,,,2,1,4.46529976,5.5e-07,0.05561,0.000825,14.785,0.213,0.525,0.019,,,,,1322.0,14.5,9.853,0.071,0.11802,0.00018,,5980.0,49.0,1.17,0.03,1.15,0.05,0.13,0.008,,,4.36,0.01,,,,,,
HAT-P-2 b,0.2,12.35,,,1,2,5.6335158,3.6e-06,0.06814,0.00051,,,8.62,0.17,0.5172,0.0019,,,,,,,,,F8,6290.0,60.0,1.39,0.09,1.33,0.03,0.18,0.18,0.53,0.08,,,1.44,0.47,,,,
HAT-P-3 b,21.2,8.7,,,2,1,2.8997,5.4e-05,,,10.536,0.785,0.65,0.11,0.0,0.0,,,,,10.05,0.5,,,,5185.0,80.0,0.87,0.06,1.06,0.28,0.27,0.27,,,4.56,0.03,,,,,,
HAT-P-4 b,4.9,11.9,,,2,1,3.056536,3.056536,0.04438,0.001155,14.28,0.611,0.671,0.0385,0.0,0.0,,,1686.0,28.0,6.04,0.105,0.082,0.00044,,5860.0,80.0,,,,,,,0.431,0.062,,,,,,,,
HAT-P-6 b,165.0,6.0,,,1,1,3.85298,5e-06,,,16.589,1.681,1.32,0.3,0.0,0.0,,,,,7.73,0.34,,,,6570.0,80.0,1.62,0.17,1.79,0.6,-0.13,0.13,,,4.22,0.03,,,,,,
HAT-P-7 b,139.7,8.75,115.0,17.5,2,1,2.20474,1.7e-05,,,16.926,2.354,1.84,0.53,0.0,0.0,,,,,4.13,0.15,,,,6389.0,17.0,2.0,0.28,1.56,0.68,0.26,0.26,,,4.07,0.06,,,,,,
HAT-P-8 b,17.0,10.35,,,3,1,3.07634,4e-06,,,15.693,1.457,1.28,0.27,0.0,0.0,,,,,6.13,0.29,,,,6200.0,80.0,1.57,0.15,1.27,0.41,0.01,0.01,,,4.15,0.03,,,,,,
HAT-P-9 b,16.0,8.0,,,1,1,3.92281072,1.02e-06,0.05287,0.00078,15.614,0.74,0.749,0.0635,0.084,0.0495,931.0,71.0,1540.0,31.0,8.5,0.345,0.10696,0.000865,,6350.0,150.0,1.34,0.065,1.28,0.06,0.12,0.2,0.418,0.0405,4.29,0.035,,,,,,
HAT-P-11 b,133.9,7.7,104.9,8.85,1,2,4.88780244,4.88780244,0.05254,0.00065,4.36,0.06,0.07362,0.00472,0.218,0.0325,,,,,,,,,,4780.0,50.0,0.68,0.01,0.81,0.025,0.31,0.05,,,,,6.5,5.0,1.5,1.5,29.2,29.2
HAT-P-12 b,54.0,27.0,,,1,1,3.2130598,2.1e-06,0.0384,0.0003,10.749,0.28,0.211,0.012,0.0,0.0,,,963.0,16.0,11.77,0.18,0.1406,0.0013,K4,4650.0,60.0,0.7,0.015,0.73,0.02,-0.29,0.05,-0.678,0.03,4.61,0.01,2.5,2.0,0.5,0.4,,
HAT-P-13 b,1.9,8.6,,,1,2,2.91625,1.5e-05,,,14.258,0.729,0.851,0.038,0.0133,0.0041,,,,,5.8928,0.25045,0.08389,0.00081,,5653.0,90.0,,,,,,,,,,,,,1.66,0.37,,
HAT-P-14 b,170.9,5.1,,,2,1,4.62767,5e-06,,,15.917,1.345,3.44,0.63,0.11,0.01,,,,,8.9,0.36,,,,6600.0,90.0,1.82,0.15,2.65,0.73,0.11,0.11,,,4.25,0.03,,,,,,
HAT-P-15 b,13.0,6.0,,,1,1,10.8635,2.7e-05,,,11.882,0.785,1.94,0.3,0.19,0.02,,,,,19.25,0.77,,,,5568.0,90.0,1.07,0.07,1.0,0.23,0.22,0.22,,,4.38,0.03,,,,,,
HAT-P-16 b,2.0,50.5,,,3,1,2.77596,3e-06,0.0413,0.0004,14.448,0.74,4.193,0.094,0.036,0.004,,,1626.0,40.0,7.17,0.28,0.1071,0.0014,F8,6158.0,80.0,1.24,0.05,1.22,0.04,0.17,0.08,0.294,0.0485,4.34,0.03,2.0,0.8,3.5,0.5,,
HAT-P-17 b,27.5,6.7,,,1,2,10.33852,9e-06,,,11.769,0.448,0.58,0.06,0.35,0.01,,,,,22.72,0.68,,,,5246.0,80.0,0.87,0.04,0.99,0.15,0.0,0.0,,,4.53,0.02,,,,,,
HAT-P-18 b,132.0,15.0,,,1,1,5.508023,6e-06,0.0559,0.0007,11.153,0.583,0.197,0.013,0.084,0.048,,,852.0,28.0,16.04,0.75,0.1365,0.0015,K2,4803.0,80.0,0.75,0.04,0.77,0.03,0.1,0.08,-0.569,0.065,4.57,0.04,12.4,5.4,0.5,0.5,,
HAT-P-20 b,8.0,6.9,36.0,11.0,1,1,2.875317,4e-06,0.0361,0.0005,9.718,0.37,7.246,0.187,0.015,0.005,,,970.0,23.0,11.17,0.29,0.1284,0.0016,K3,4595.0,80.0,0.69,0.02,0.76,0.03,0.35,0.08,-0.721,0.0455,4.63,0.02,6.7,4.75,2.1,0.5,,
HAT-P-21 b,0.7,12.5,,,1,1,4.12448,7e-06,,,12.442,1.793,4.87,1.57,0.23,0.02,,,,,9.65,0.74,,,,5588.0,80.0,1.21,0.17,1.24,0.6,0.01,0.01,,,4.33,0.06,,,,,,
HAT-P-22 b,2.1,3.0,24.0,18.0,2,1,3.21222,9e-06,,,12.89,2.13,2.47,0.32,0.02,0.01,,,,,8.58,0.39,,,,5302.0,80.0,1.11,0.05,1.13,0.22,0.24,0.24,,,4.36,0.04,,,,,,
HAT-P-23 b,15.0,22.0,,,1,1,1.212884,2e-06,0.0232,0.0002,15.334,1.009,2.09,0.111,0.106,0.044,,,2056.0,66.0,4.14,0.23,0.1169,0.0012,G0,5905.0,80.0,1.2,0.07,1.13,0.04,0.15,0.04,0.199,0.0635,4.33,0.05,4.0,1.0,8.1,0.5,,
HAT-P-24 b,20.0,16.0,,,2,1,3.35524,7e-06,,,14.572,2.354,0.75,0.25,0.07,0.02,,,,,7.61,0.41,,,,6373.0,80.0,1.38,0.22,1.37,0.69,-0.16,0.16,,,4.27,0.04,,,,,,
HAT-P-27 b,24.2,60.25,,,2,1,3.039577,5.5e-06,0.04,0.0008,11.43,0.7250000000000001,0.62,0.03,0.0,0.0,,,,,9.804,0.34,0.12,0.008,,5316.0,104.7,0.86,0.045,0.92,0.11,0.3,0.03,-0.269,0.013,4.53,0.07500000000000001,,,,,,
HAT-P-29 b,26.0,16.0,,,2,1,5.72319,4.9e-05,,,13.115,1.457,0.88,0.25,0.09,0.05,,,,,11.74,1.02,,,,6087.0,88.0,1.3,0.14,1.45,0.6,0.21,0.21,,,4.34,0.06,,,,,,
HAT-P-30 b,70.5,2.8499999999999996,,,2,1,2.8106,5e-06,,,16.141,1.681,0.83,0.18,0.04,0.02,,,,,7.43,0.34,,,,6304.0,88.0,1.31,0.13,1.55,0.51,0.13,0.13,,,4.36,0.3,,,,,,
HAT-P-32 b,85.0,1.5,,,2,1,2.1500082,1.3e-07,0.03397,0.000505,22.194,0.504,0.68,0.10500000000000001,0.159,0.0395,1841.0,34.5,1835.7,6.85,5.344,0.0395,0.14886,0.0005499999999999999,,6001.0,88.0,1.37,0.03,1.13,0.05,-0.16,0.08,0.338,0.0195,4.22,0.04,,,,,,
HAT-P-33 b,5.9,4.1,,,2,1,3.47447,1e-06,,,20.737,5.492,0.92,0.5,0.0,0.0,,,,,6.57,0.18,,,,6446.0,88.0,1.79,0.48,1.82,1.45,0.05,0.05,,,4.15,0.01,,,,,,
HAT-P-34 b,0.0,14.0,,,1,1,5.452654,1.6e-05,0.06774,0.00075,13.417,1.244,3.33,0.20500000000000002,0.432,0.028,,,,,,,,,,6442.0,88.0,1.53,0.12000000000000001,1.39,0.05,0.22,0.04,,,,,1.7,0.45,24.0,0.5,,
HAT-P-36 b,14.0,18.0,0.0,31.5,1,1,1.32734683,4.8e-07,0.0241,0.00047,14.314,0.224,1.8482,0.087,,,,,1780.97,18.8,4.95,0.042,0.1199,0.0002,,5620.0,40.0,1.04,0.01,1.03,0.03,,,,,,,,,,,,
HAT-P-41 b,22.1,3.4,,,2,1,2.69405,4e-06,,,22.978,5.604,1.19,0.6,0.0,0.0,,,,,5.45,0.18,,,,6390.0,100.0,2.05,0.5,2.56,1.9,0.21,0.21,,,4.14,0.02,,,,,,
HAT-P-49 b,97.7,1.8,,,1,1,2.69155,6e-06,,,17.822,2.018,2.2,0.59,0.0,0.0,,,,,5.15,0.31,,,,6820.0,52.0,2.06,0.23,2.22,0.83,0.07,0.07,,,4.1,0.04,,,,,,
HAT-P-56 b,8.0,2.0,,,1,1,2.79083,5e-06,,,16.926,1.233,2.31,0.44,,,,,,,6.37,0.11,,,,6566.0,50.0,1.47,0.11,1.42,0.33,0.0,0.0,,,3.39,0.19,,,,,,
HAT-P-67 b,2.2,0.4,,,2,1,4.8101025,3.8e-07,0.06505,0.0017599999999999998,23.371,0.936,0.34,0.22,0.0,0.0,,,1903.0,25.0,5.691,0.0905,0.0834,0.0017,,6406.0,63.0,2.55,0.09,1.64,0.11,-0.08,0.05,0.939,0.057,3.85,0.015,1.24,0.245,35.8,1.1,,
HAT-P-69 b,30.3,6.699999999999999,,,1,1,4.7869491,1.95e-06,0.06555,0.000525,18.786,0.471,3.58,0.58,0.0,0.0,,,1930.0,155.0,7.32,0.16999999999999998,0.08703,0.0007750000000000001,,7394.0,480.0,1.93,0.045,1.65,0.045,-0.069,0.0665,1.0,0.056499999999999995,4.11,0.045,1.27,0.36,77.44,0.56,,
HAT-P-70 b,107.9,1.85,,,1,1,2.74432452,7.35e-07,0.04739,0.000685,20.961,1.401,6.78,6.78,0.0,0.0,,,2562.0,47.5,5.45,0.39,0.09887,0.00114,,8450.0,615.0,1.86,0.105,1.89,0.01,-0.059,0.08149999999999999,1.223,0.13,4.18,0.06,0.6,0.29000000000000004,99.85,0.625,,
HATS-2 b,3.0,18.0,38.0,27.0,1,1,1.35413379,8e-08,0.02317,0.00044,12.576,0.269,1.37,0.16,,,,,1550.0,29.0,,,,,,5227.0,95.0,0.88,0.02,0.9,0.05,,,,,4.51,0.01,7.2,6.4,,,22.46,5.2
HATS-3 b,3.0,25.0,,,1,1,3.547851,5e-06,0.0485,0.0005,15.48,0.392,1.071,0.136,0.0,0.0,,,1648.0,24.0,7.42,0.12,0.1011,0.0006,F,6351.0,76.0,1.4,0.03,1.21,0.04,-0.157,0.07,0.456,0.032,4.22,0.01,3.2,0.5,9.12,1.31,,
HATS-14 b,76.0,4.5,,,1,1,2.7667641,2.7e-06,0.03815,0.00032,11.646,0.303,1.071,0.07,0.142,0.142,,,1276.0,20.0,8.8,0.16999999999999998,0.1145,0.0012,,5346.0,60.0,0.93,0.015,0.97,0.02,0.33,0.06,,,4.48,0.02,4.9,1.7,3.8,1.2,,
HATS-70 b,8.9,5.05,,,1,1,1.8882378,1.5e-06,0.03632,0.0008049999999999999,15.513,0.8574999999999999,12.9,1.7000000000000002,0.18,0.18,9110.0,170.0,2730.0,150.0,4.17,0.14500000000000002,0.074,0.0028,,7930.0,725.0,1.88,0.065,1.78,0.12,0.041,0.101,1.079,0.1545,4.17,0.04,0.81,0.41500000000000004,40.61,0.33499999999999996,,
HD 3167 b,6.6,7.25,29.5,8.3,1,4,0.959641,1.1e-05,0.01796,0.00034,1.67,0.135,0.01564,0.00074,0.0,0.0,1650.0,110.0,1774.0,29.0,,,,,,5261.0,60.0,0.88,0.01,0.84,0.045,0.04,0.05,,,,,7.8,4.3,,,,
HD 3167 c,108.9,5.45,107.7,5.0,1,4,29.8454,0.0012,0.1776,0.0034000000000000002,3.0,0.33,0.03502,0.0023899999999999998,0.06,0.06,16.9,1.1,564.0,9.0,,,,,,5261.0,60.0,0.88,0.01,0.84,0.045,0.04,0.05,,,,,7.8,4.3,,,,
HD 17156 b,10.0,5.1,,,1,1,21.21663,0.00045,,,12.33,0.336,3.51,0.21,0.68,0.0,,,,,23.34,0.43,,,,6040.0,24.0,1.55,0.04,1.41,0.12,0.19,0.19,,,4.2,0.06,,,,,,
HD 63433 b,8.0,39.0,,,1,3,7.1079384,6.6e-06,0.072,0.001,2.164,0.053000000000000005,0.11736,0.0302,0.0,0.0,,,886.440730742,12.363256008699999,,,0.02163,0.00043,,5634.0,63.5,0.92,0.01,0.99,0.025,0.079,0.0535,-0.117,0.023,4.51,0.015,1.5,1.3,,,,
HD 80606 b,42.0,8.0,,,2,1,111.4367,0.0004,,,11.994,0.336,4.38,0.74,0.93,0.0,,,,,98.38,7.32,,,,5561.0,24.0,1.04,0.02,1.15,0.27,0.35,0.35,,,4.42,0.02,,,,,,
HD 106315 c,2.7,2.6500000000000004,,,1,2,21.05704,0.00046,0.1536,0.0017,4.35,0.23,0.04782,0.01164,0.22,0.15,,,886.0,20.0,25.5,1.2,0.03086,0.001,F5 V,6327.0,48.0,1.3,0.06,1.09,0.04,-0.311,0.079,,,4.25,0.04,4.48,0.96,12.71,0.4,,
HD 110067 c,6.0,25.0,,,3,6,13.673694,2.4e-05,0.1039,0.0013,2.388,0.036,0.01982,0.01982,,,,,699.0,9.0,28.37,0.3,0.0278,0.0003,K0.0 V,5266.0,64.0,0.79,0.01,0.8,0.04,-0.2,0.04,,,4.54,0.03,8.1,4.0,2.5,1.0,,
HD 149026 b,12.0,7.0,,,1,1,2.87589,2e-06,,,8.295,0.224,0.38,0.06,0.0,0.0,,,,,6.8,0.52,,,,6179.0,15.0,1.41,0.03,1.42,0.33,0.32,0.32,,,4.37,0.04,,,,,,
HD 189733 b,1.0,0.225,13.6,6.9,2,1,2.21857567,1.5e-07,,,12.666,0.112,1.13,0.08,0.0,0.0,,,,,8.84,0.27,,,,5052.0,16.0,0.75,0.01,0.79,0.08,-0.02,0.02,,,4.49,0.05,,,,,,
HD 209458 b,1.58,0.08,,,1,1,3.52474859,3.8e-07,,,15.581,0.224,0.73,0.04,0.0,0.0,,,,,8.81,0.19,,,,6091.0,10.0,1.19,0.02,1.23,0.09,0.01,0.01,,,4.45,0.02,,,,,,
HD 332231 b,2.0,6.0,,,1,1,18.712024,2.3e-05,0.145,0.003,9.073,0.181,0.23314,0.017305,0.0,0.0,,,798.303294664,13.621311811750001,,,0.0657,0.00053,,6128.0,83.5,1.27,0.02,1.16,0.03,0.043,0.062,0.308,0.025,4.3,0.02,2.9,0.8500000000000001,,,,
HIP 67522 b,5.8,4.25,20.2,9.5,1,2,6.9594731,2.2e-06,0.0748,0.0017000000000000001,9.987,0.22949999999999998,,,0.064,0.118,,,1175.0,12.5,11.66,0.255,0.06644,0.00145,,5675.0,75.0,1.38,0.06,1.22,0.05,,,0.243,0.0225,,,0.017,0.002,54.2,0.7,1.42,0.02
K2-25 b,3.0,16.0,17.0,9.5,1,1,3.48456408,5.5e-07,0.0287,0.0012,3.44,0.12,0.07709,0.017145,0.428,0.0495,9.91,0.905,494.0,11.0,21.09,0.58,0.1075,0.0018,M4.5 V,3207.0,58.0,0.29,0.01,0.26,0.01,0.15,0.03,-2.088,0.0155,4.94,0.03,0.73,0.051000000000000004,8.8,0.6,1.88,0.01
K2-29 b,1.5,8.7,,,2,1,3.2588321,1.9e-06,0.04217,0.00024,13.339,0.224,0.73,0.04,0.066,0.022,,,1171.0,10.0,10.51,0.15,0.14188,0.00062,G7 V,5358.0,38.0,0.86,0.01,0.94,0.02,0.16,0.03,,,4.54,0.01,2.6,1.2,3.7,0.5,10.79,0.02
K2-33 b,10.0,23.0,,,1,1,5.424865,3.3e-05,,,5.04,0.355,3.7,3.7,0.0,0.0,,,,,10.4,0.385,0.0432,0.0007999999999999999,M3.3,3540.0,70.0,1.05,0.07,0.56,0.09,,,-0.824,0.088,,,0.009,0.001,8.2,1.8,6.29,0.17
K2-34 b,1.0,9.5,,,1,1,2.9956348,2e-07,0.0442,0.002,13.75,0.585,,,,,,,1687.0,24.5,6.68,0.1,0.0887,0.0005,,6168.0,61.0,1.42,0.055,1.16,0.04,0.01,0.035,,,4.2,0.03,,,,,,
HIP 41378 d,57.0,22.0,,,1,5,1114.0,1114.0,,,,,,,,,,,,,,,0.0256,0.0006000000000000001,,6226.0,43.0,1.34,0.03,1.17,0.07,,,,,,,,,,,,
K2-105 b,81.0,48.5,,,1,1,8.2669928,6.8500000000000005e-06,0.0833,0.00775,3.59,0.09,,,,,,,928.0,12.0,18.48,1.71,0.0339,0.00075,,5636.0,50.5,0.97,0.01,1.05,0.02,0.23,0.035,,,4.49,0.01,,,,,,
K2-140 b,0.5,9.7,,,1,1,6.569188,3.1e-05,0.068,0.001,13.563,1.009,0.93,0.04,0.0,0.0,204.0,10.0,962.0,28.0,14.1,0.2,0.117,0.001,G6 V,5585.0,120.0,1.06,0.065,0.96,0.05,0.1,0.1,,,4.4,0.2,9.8,4.0,3.6,1.0,14.6,4.1
K2-232 b,11.1,6.6,,,1,1,11.168454,2.3e-05,0.10356,0.0007899999999999999,11.209,0.2355,0.398,0.037,0.258,0.025,,,1030.0,15.0,19.25,0.29000000000000004,0.08868,0.00043000000000000004,,6154.0,60.0,1.16,0.02,1.19,0.03,0.1,0.04,0.238,0.026500000000000003,4.38,0.02,1.43,0.7849999999999999,4.16,0.282,,
HD 89345 b,74.0,33.5,80.0,22.5,1,1,11.8143,0.0002,0.1066,0.0013,7.398,0.325,0.11,0.0175,0.22,0.1125,,,1089.0,15.5,13.11,0.37,0.0389,0.00115,,5576.0,74.5,1.75,0.05,1.16,0.04,0.421,0.05,0.425,0.025500000000000002,4.02,0.03,7.53,1.145,,,,
EPIC 246851721 b,1.48,0.85,3.4,2.55,2,1,6.180235,1.4e-05,0.07229,0.000745,11.781,0.493,3.0,1.15,,,642.0,29.5,1401.0,16.0,9.8,0.17,0.0681,0.00255,F5 V,6202.0,51.0,1.59,0.03,1.32,0.04,0.141,0.0835,0.526,0.0245,4.16,0.02,3.02,0.45,74.92,0.61,,
K2-290 b,173.0,49.0,,,3,2,9.21165,0.000335,0.0923,0.0066,3.06,0.16,0.0343,0.0343,0.0,0.0,,,1230.0,38.0,13.15,0.675,0.019,0.00028,,6302.0,120.0,1.51,0.07,1.19,0.07500000000000001,-0.06,0.1,,,4.23,0.1,4.0,1.2000000000000002,6.5,1.0,,
K2-290 c,153.0,8.0,124.0,6.0,3,2,48.36685,0.000405,0.305,0.017,11.276,0.56,0.774,0.047,0.0,0.0,,,676.0,16.0,43.5,1.2,0.06848,0.000445,,6302.0,120.0,1.51,0.07,1.19,0.07500000000000001,-0.06,0.1,,,4.23,0.1,4.0,1.2000000000000002,6.5,1.0,,
KELT-1 b,2.0,16.0,,,1,1,1.217514,1.5e-05,0.02466,0.00016,12.442,0.303,27.23,0.49,0.0099,0.00845,,,,,,,,,,6518.0,50.0,1.46,0.04,1.32,0.03,,,0.542,0.027,,,,,56.0,2.0,,
KELT-6 b,36.0,11.0,,,1,2,7.8457,0.0002,,,14.572,1.009,0.52,0.12,0.22,0.11,,,,,10.83,0.89,,,,6102.0,43.0,1.73,0.12,1.42,0.46,-0.28,0.28,,,4.07,0.06,,,,,,
KELT-7 b,10.55,0.27,12.4,11.7,1,1,2.73477,4e-06,,,17.934,0.673,1.39,0.22,0.0,0.0,,,,,5.5,0.17,,,,6768.0,7.0,1.81,0.07,1.76,0.25,0.0,0.0,,,4.5,4.5,,,,,,
KELT-9 b,84.8,0.3,87.47,0.185,2,1,1.4811235,1.1e-06,0.03462,0.001015,21.196,0.639,2.88,0.84,0.0,0.0,44900.0,7650.0,4050.0,180.0,3.153,0.011,0.08228,0.00043,B9.5-A0,10170.0,450.0,2.36,0.065,2.52,0.225,-0.03,0.2,1.724,0.098,4.09,0.01,0.3,0.3,111.4,1.27,,
KELT-10 b,5.2,3.4,,,1,1,4.1662739,6.3e-06,0.0525,0.000915,15.681,0.661,0.679,0.0385,,,600.0,45.0,1377.0,25.5,9.34,0.265,0.119,0.0013,G0 V,5948.0,74.0,1.21,0.045,1.11,0.06,0.09,0.10500000000000001,0.217,0.040999999999999995,4.32,0.025,4.5,0.7,,,,
KELT-11 b,77.9,2.3499999999999996,,,1,1,4.7361,3e-05,,,15.132,1.121,0.171,0.015,0.0007,0.00125,,,,,4.98,0.05,0.0514,0.0035,,5375.0,25.0,2.69,0.04,1.44,0.07,0.17,0.07,,,3.7,0.1,,,,,,
KELT-17 b,115.9,4.1,116.0,4.0,1,1,3.0801716,5.2500000000000006e-06,0.04881,0.0006299999999999999,17.094,0.7010000000000001,1.31,0.28500000000000003,,,,,2087.0,32.5,6.38,0.18,0.09526,0.000865,A,7454.0,49.0,1.65,0.06,1.64,0.065,-0.018,0.073,0.876,0.0335,4.22,0.02,0.65,0.15,44.2,1.4,,
KELT-19 A b,179.7,3.75,155.0,19.0,2,1,4.6117093,8.8e-06,0.0637,0.0029,21.409,1.233,4.07,4.07,,,2340.0,184.0,1935.0,38.0,7.5,0.19,0.10713,0.00092,A8 V,7500.0,110.0,1.83,0.1,1.62,0.225,-0.12,0.51,0.978,0.0525,4.13,0.03,,,84.8,2.0,,
KELT-20 b,3.9,1.1,5.0,11.0,1,1,3.4741085,1.9e-06,0.0542,0.0017499999999999998,19.515,0.8009999999999999,3.382,3.382,,,4362.5,565.8,2262.0,73.0,7.42,0.13,0.1144,0.000615,A2 V,8720.0,255.0,1.56,0.06,1.76,0.165,-0.29,0.29,1.104,0.0695,4.29,0.02,0.6,0.6,117.4,2.9,,
KELT-21 b,5.6,1.7999999999999998,,,1,1,3.6127647,3.3e-06,0.05224,0.00034500000000000004,17.777,0.4425,3.91,3.91,0.0,0.0,2950.0,169.0,2051.0,29.5,6.86,0.125,0.09952,0.0007199999999999999,A8 V,7598.0,82.5,1.64,0.03,1.46,0.03,-0.405,0.0325,0.905,0.028999999999999998,4.17,0.01,1.6,0.1,146.03,0.48,,
Kepler-8 b,5.0,7.0,,,1,1,3.5224991,7e-07,0.0474,0.00195,15.872,0.6445,0.59,0.125,,,,,1680.0,40.0,6.854,0.0175,0.09575,0.00021,,6213.0,150.0,1.49,0.055,1.21,0.065,-0.055,0.03,,,4.17,0.03,,,,,,
Kepler-9 b,13.0,16.0,,,1,3,19.23891,6e-05,0.143,0.006500000000000001,8.29,0.485,0.13655,0.00566,0.0609,0.00115,,,,,31.3,1.3,0.0776,0.0017000000000000001,,5774.0,60.0,0.96,0.02,1.02,0.035,0.05,0.07,-0.038,0.0265,4.49,0.025,2.0,1.65,,,,
KOI-13 b,59.2,0.05,60.25,0.05,3,1,1.763588,1e-06,0.03641,0.00087,16.948,0.392,9.28,0.16,0.00064,0.00014000000000000001,,,2550.0,80.0,4.5007,0.00395,0.08737,2e-05,,7650.0,250.0,1.74,0.04,1.72,0.1,0.2,0.2,,,4.2,0.5,,,,,,
Kepler-17 b,0.0,15.0,0.0,15.0,1,1,1.4857108,2e-07,0.02591,0.000365,14.68,0.22,2.45,0.11,0.011,0.011,,,1570.0,200.0,5.48,0.02,0.13031,0.0002,,5781.0,85.0,1.01,1.01,1.04,1.04,0.26,0.1,0.012,0.012,4.45,4.45,,,,,,
Kepler-25 c,0.9,7.050000000000001,24.1,9.295,2,3,12.7207,0.000105,,,5.217,0.0675,0.0479,0.0046,0.0061,0.0045000000000000005,,,,,,,0.03637,0.00012,,6270.0,79.0,1.32,0.015,1.17,0.03,,,,,,,,,,,,
Kepler-30 b,4.0,10.0,,,1,3,29.33434,0.00815,0.18,0.18,3.9,0.2,0.036,0.004,0.042,0.003,,,,,,,,,,5498.0,54.0,0.95,0.12,0.99,0.08,0.18,0.27,,,4.77,0.23,2.0,0.8,,,,
Kepler-63 b,110.0,18.0,104.0,11.5,1,1,9.4341505,1e-06,0.08,0.002,6.11,0.2,0.378,0.378,0.45,0.45,,,,,19.12,0.08,0.0622,0.001,,5576.0,50.0,0.9,0.025,0.98,0.04,0.05,0.08,-0.157,0.041499999999999995,4.52,0.02,0.21,0.045,5.6,0.8,,
KOI-94 d,6.0,12.0,,,2,4,22.342989,6.7e-06,0.1684,0.0022,11.27,1.06,0.334,0.035,0.022,0.038,,,806.0,806.0,23.8,1.9,0.06802,8e-05,,6182.0,58.0,1.52,0.14,1.28,0.05,0.023,0.002,0.479,0.088,4.18,0.07,3.16,0.39,7.3,0.5,,
Kepler-408 b,,,48.0,4.5,1,1,2.46502,2.46502,,,0.82,0.03,0.01573,0.01573,,,,,,,,,0.00614,0.00614,,6104.0,74.0,1.23,0.03,1.08,0.07,-0.2,0.1,,,4.29,0.03,6.68,6.68,3.1,3.1,,
KOI-1257 b,74.0,39.0,,,2,1,86.647661,3.4e-05,0.382,0.006,10.54,1.35,1.45,0.35,0.772,0.045,,,511.0,50.0,,,,,G5 V,5520.0,80.0,1.13,0.14,0.99,0.05,0.27,0.09,,,4.32,0.1,9.3,3.0,4.6,0.2,,
KOI-12 b,7.1,3.5,,,1,2,17.855182,7e-06,0.154,0.0035,13.787,0.6165,1.1,2.15,0.34,0.07500000000000001,,,,,,,,,,6820.0,120.0,1.4,0.065,1.5,0.1,,,,,,,,,,,,
Kepler-1656 b,35.0,18.5,,,1,2,31.562,0.011,0.1974,0.0026,,,0.15,0.02,0.838,0.037,,,,,,,,,,5731.0,60.0,1.1,0.13,1.03,0.04,,,,,,,6.31,2.5,2.8,1.0,,
MASCARA-1 b,69.2,3.25,72.1,2.45,1,1,2.14877381,8.750000000000001e-07,0.040352,4.75e-05,17.901,0.20750000000000002,,,0.00034,0.000285,,,2594.3,1.55,4.1676,0.0049,0.07884,0.00021500000000000002,,7490.0,150.0,2.08,0.02,1.9,0.065,0.15,0.15,1.083,0.035500000000000004,,,0.8,0.2,101.7,3.85,0.85,0.02
MASCARA-4 b,109.66,0.14,,,2,1,2.82406,3e-05,0.047,0.004,17.15,0.6165,3.1,0.9,0.0,0.0,,,2100.0,100.0,5.26,5.26,0.08,0.003,A7 V,7800.0,200.0,1.92,0.11,1.75,0.05,0.0,0.0,1.087,0.0235,4.1,0.05,0.8,0.8,45.66,1.015,,
Qatar-1 b,8.4,7.1,,,1,1,1.4200242,2.2e-07,0.02332,0.0004,12.812,0.2855,1.294,0.0505,0.0,0.0,,,1418.0,27.5,6.247,0.066,0.14629,0.000635,,5013.0,90.5,0.8,0.02,0.84,0.04,0.171,0.0955,-0.438,0.0435,4.55,0.01,,,1.76,0.21,,
Qatar-2 b,0.0,8.0,,,1,1,1.33711647,2.6e-07,0.02153,0.0002,14.056,0.146,2.494,0.054,0.0,0.0,,,1344.0,14.0,,,0.1659,0.00044,,4645.0,50.0,0.78,0.01,0.74,0.02,0.02,0.08,,,4.53,0.01,5.0,5.0,3.28,0.04,,
Qatar-6 b,0.1,2.6,22.0,13.5,2,1,3.506195,1.8e-05,0.0423,0.0004,11.904,0.796,0.668,0.066,0.0,0.0,,,1006.0,18.0,12.61,0.22,0.151,0.007,K2 V,5052.0,66.0,0.72,0.02,0.82,0.02,-0.025,0.093,-0.514,0.037000000000000005,4.64,0.01,1.02,0.62,2.9,0.5,12.75,1.75
TIC 241249530 b,163.5,8.55,,,2,1,165.7719,0.00027499999999999996,0.641,0.011,13.294,0.4315,4.98,0.16999999999999998,0.9412,0.0009,,,,,,,0.0873,0.00195,,6166.0,43.0,1.4,0.03,1.27,0.065,0.09,0.03,0.408,0.0135,4.23,0.06,3.2,0.5,4.6,0.595,,
TOI-640 b,176.0,3.0,104.0,2.0,1,1,5.0037775,4.8e-06,0.06608,0.0010400000000000001,19.851,0.6505000000000001,0.88,0.16,0.05,0.0445,,,1749.0,28.0,6.82,0.22999999999999998,0.08738,0.0008849999999999999,,6460.0,140.0,2.08,0.06,1.54,0.07500000000000001,0.072,0.0805,0.834,0.0305,3.99,0.035,1.99,0.47500000000000003,6.1,0.5,,
TOI-778 b,18.0,11.0,,,1,1,4.633611,1e-06,0.06,0.003,15.4,0.5,2.8,0.2,0.21,0.04,,,1561.0,32.5,7.6,0.2,0.0825,0.0005,F3 V,6643.0,150.0,1.71,0.05,1.4,0.05,0.0,0.1,0.76,0.049,4.05,0.17,1.95,0.135,39.9,4.4,2.58,0.1
TOI-858 B b,99.3,3.75,,,2,1,3.2797178,1.4e-06,0.04435,0.00099,14.067,0.437,1.1,0.07500000000000001,0.15,0.15,908.9,54.349999999999994,1529.0,22.5,,,,,G0,5842.0,81.5,1.31,0.04,1.08,0.07500000000000001,0.153,0.091,0.253,0.0215,4.24,0.04,6.8,2.7,5.8,0.25,,
TOI-942 b,1.0,37.0,2.0,30.0,3,2,4.32421,1.9e-05,0.04866,0.000145,3.89,0.24,,,0.34,0.12000000000000001,,,,,,,0.03995,0.0006399999999999999,,4928.0,105.0,0.89,0.055,0.82,0.01,,,,,,,0.053,0.0215,14.24,0.52,,
TOI-1136 d,5.0,5.0,0.0,14.0,1,6,12.5199,0.0004,0.1062,0.0008,,,0.02627,0.005345,0.042,0.004,,,843.0,6.0,,,,,,5770.0,50.0,0.97,0.04,1.02,0.03,0.07,0.06,,,4.47,0.04,0.7,0.15,6.7,0.6,,
TOI-1181 b,2.0,15.5,,,1,1,2.103189,4.000000000000001e-06,,,17.026,0.661,1.179,0.023,0.011,0.0075,,,,,3.976,0.0635,0.07947,0.000435,,6054.0,81.0,1.96,0.03,1.47,0.02,0.38,0.06,0.642,0.0185,4.02,0.02,2.7,0.2,10.6,1.0,,
TOI-1268 b,40.0,8.55,,,1,1,8.1577094,4.5e-06,0.0711,0.00605,9.1,0.6,0.30331,0.025955,0.105,0.0395,,,918.9,30.299999999999997,16.62,0.905,0.091,0.001,K1-K2,5300.0,100.0,0.92,0.06,0.96,0.04,0.36,0.06,,,4.55,0.1,0.245,0.135,4.12,1.0,10.9,0.5
TOI-1431 b,155.0,15.0,,,1,1,2.650237,3e-06,0.046,0.002,16.701,0.56,3.12,0.18,0.0022,0.0023,5300.0,485.0,2370.0,70.0,5.15,0.05,0.07955,0.00058,Am C,7690.0,325.0,1.92,0.07,1.9,0.09,0.09,0.03,1.068,0.0625,4.15,0.04,0.29,0.255,6.0,0.2,,
TOI-1478 b,6.2,5.7,,,1,1,10.180249,1.5e-05,0.0903,0.00155,11.882,0.4425,0.851,0.0495,0.024,0.0245,,,918.0,11.0,18.54,0.6499999999999999,0.104,0.0015,,5597.0,82.5,1.05,0.03,0.95,0.05,0.078,0.069,-0.013,0.016,4.37,0.035,9.1,3.5,4.3,0.5,,
TOI-1670 c,0.3,2.2,,,1,2,40.74976,0.000116,0.249,0.005,11.063,0.28,0.63,0.08499999999999999,0.09,0.045,,,684.0,9.0,40.68,0.66,0.077,0.002,F7 V,6170.0,61.0,1.32,0.02,1.21,0.02,0.09,0.07,,,4.29,0.11,2.53,0.43,9.2,0.6,,
TOI-1842 b,68.0,18.0,73.0,14.5,1,1,9.5739181,9.9e-06,0.1,0.002,12.349,0.2865,0.28128,0.02454,0.276,0.064,,,1199.55036721,21.83179713275,,,0.05571,0.000745,,6039.0,91.0,2.03,0.04,1.46,0.035,0.332,0.06,0.695,0.026,3.99,0.02,2.5,0.35,,,,
TOI-1937 A b,4.0,3.5,,,2,1,0.94667944,4.7e-07,0.01932,0.00037,13.978,0.6779999999999999,2.01,0.165,0.0,0.0,3230.0,216.5,2097.0,35.5,3.85,0.095,,,,5814.0,92.0,1.08,0.025,1.07,0.06,0.196,0.084,0.08,0.0315,4.4,0.03,3.6,2.7,,,,
TOI-2076 b,3.0,15.5,18.0,9.5,1,3,10.355096,1.8e-05,0.088,0.002,2.771,0.119,0.05066,0.025955,0.0,0.0,,,687.676490765,13.736011164499999,,,0.03191,0.00092,,5192.0,59.5,0.8,0.025,0.86,0.02,0.02,0.058499999999999996,-0.378,0.037,4.57,0.03,2.7,2.75,,,,
TOI-2109 b,1.7,1.7,,,1,1,0.67247414,1.55e-07,0.01791,0.00065,15.098,0.527,5.02,0.75,,,,,3646.0,88.0,2.268,0.021,0.08155,0.00022,F,6540.0,160.0,1.7,0.06,1.45,0.07,0.068,0.066,0.673,0.03,4.14,0.045,1.77,0.78,81.2,1.6,,
TOI-3362 b,1.2,2.75,,,1,1,18.09547,3e-05,0.153,0.0025,12.801,0.471,5.029,0.657,0.815,0.0275,,,,,,,,,,6532.0,87.0,1.83,0.055,1.45,0.07,0.017,0.053000000000000005,0.739,0.027,4.07,0.03,2.14,0.5900000000000001,20.0,4.1,,
TOI-3884 b,75.0,10.0,,,1,1,4.5445828,9.8e-06,0.0361,0.0008,6.43,0.2,0.10254,0.02311,0.06,0.05,6.29,0.84,441.0,15.0,25.9,0.835,0.197,0.002,,3180.0,88.0,0.3,0.01,0.3,0.02,0.04,0.12,,,4.97,0.05,,,3.59,0.92,,
TOI-4201 b,3.0,3.45,21.3,12.65,1,1,3.5819194,1.1e-06,0.04,0.001,13.675,0.448,2.48,0.09,0.041,0.015,45.2,3.2,725.0,20.0,13.694,0.151,0.1955,0.0008,M1.0+/-0.5,3794.0,79.0,0.63,0.02,0.61,0.02,0.52,0.08,-1.119,0.0225,4.64,0.03,1.4,0.6499999999999999,,,17.3,0.4
TOI-4379 b,1.0,25.5,,,1,1,3.25352,2e-05,,,16.69,0.886,1.113,0.071,0.018,0.0235,,,,,4.63,0.385,0.077,0.002,,6020.0,100.0,1.98,0.04,1.37,0.07,0.16,0.06,0.637,0.0265,3.93,0.03,4.51,0.8049999999999999,5.9,1.0,,
TOI-4641 b,1.41,0.76,2.4,1.3,1,1,22.09341,4.9e-05,0.173,0.015,8.183,0.3025,3.87,3.87,0.074,0.074,,,,,21.53,0.515,0.042,0.0009,,6560.0,320.0,1.72,0.04,1.41,0.065,-0.09,0.145,0.695,0.099,4.11,0.69,2.69,0.975,86.3,0.995,,
TOI-5126 b,1.0,48.0,,,1,2,5.4588385,7.1e-06,0.06519,0.000845,4.74,0.15000000000000002,,,0.0,0.0,467.0,41.5,1442.0,43.0,11.32,0.29500000000000004,0.03498,0.0006249999999999999,F V,6150.0,120.0,1.24,0.03,1.24,0.05,0.18,0.13,0.299,0.0385,4.22,0.055,0.8,1.75,,,,
TOI-5398 b,3.0,5.5,13.2,8.2,1,2,10.590547,1.15e-05,0.098,0.005,10.3,0.4,0.18469,0.017775,0.13,0.13,,,947.0,28.0,20.0,0.6,0.0899,0.00065,G V,6000.0,75.0,1.05,0.01,1.15,0.01,0.09,0.06,,,4.44,0.1,0.65,0.15,7.5,0.6,7.34,0.05
TOI-6029 b,14.0,15.0,,,1,1,5.7987,0.0004,,,14.392,1.098,1.635,0.032,0.091,0.016,,,,,7.17,0.35,0.056,0.00074,,6223.0,100.0,2.34,0.06,1.55,0.06,0.37,0.06,0.799,0.0195,3.89,0.02,2.31,0.385,10.4,1.0,,
TRAPPIST-1 b,15.0,28.0,,,1,7,1.510826,6e-06,0.01154,0.0001,1.116,0.013000000000000001,0.00432,0.00022,,,4.15,0.16,,,20.843,0.1245,0.0859,0.00037,,2566.0,26.0,0.12,0.0,0.09,0.0,,,-3.257,0.015,5.24,0.01,,,,,,
TRAPPIST-1 e,9.0,48.0,,,1,7,6.101013,3.5e-05,0.02925,0.0025,0.92,0.0125,0.00218,7e-05,,,0.65,0.03,,,52.855,0.3155,0.07079,0.00055,,2566.0,26.0,0.12,0.0,0.09,0.0,,,-3.257,0.015,5.24,0.01,,,,,,
TRAPPIST-1 f,21.0,32.0,,,1,7,9.20754,3.2e-05,0.03849,0.00033,1.045,0.0125,0.00327,0.0001,,,0.37,0.01,,,69.543,0.41500000000000004,0.0804,0.00047,,2566.0,26.0,0.12,0.0,0.09,0.0,,,-3.257,0.015,5.24,0.01,,,,,,
TrES-1 b,30.0,21.0,,,2,1,3.03007,8e-06,,,12.666,0.673,0.84,0.11,0.0,0.0,,,,,10.48,0.28,,,,5230.0,50.0,0.85,0.05,1.04,0.19,0.02,0.02,,,4.57,0.01,,,,,,
TrES-2 b,9.0,12.0,,,2,1,2.47063,1e-05,,,15.244,0.897,1.49,0.22,0.0,0.0,,,,,7.64,0.3,,,,5850.0,50.0,1.12,0.07,1.36,0.3,-0.15,0.15,,,4.43,0.02,,,,,,
TrES-4 b,6.3,4.7,,,2,1,3.55395,7.5e-05,,,18.046,2.018,0.78,0.19,0.0,0.0,,,,,6.04,0.23,,,,6200.0,75.0,1.66,0.19,1.08,0.38,0.14,0.14,,,4.06,0.02,,,,,,
V1298 Tau b,4.0,8.5,8.0,5.5,3,4,24.1396,0.0018,0.1688,0.0026,10.27,0.5549999999999999,,,0.29,0.29,35.0,5.0,677.0,22.0,27.0,1.1,0.07,0.0023,,5050.0,100.0,1.34,0.055,1.1,0.05,,,,,,,0.023,0.004,,,2.87,0.02
V1298 Tau c,4.9,15.05,,,3,4,8.24958,0.00072,0.0825,0.0013,5.59,0.33999999999999997,,,0.43,0.43,146.0,20.0,968.0,31.0,13.19,0.55,0.0381,0.0017,,5050.0,100.0,1.34,0.055,1.1,0.05,,,,,,,0.023,0.004,,,2.87,0.02
WASP-1 b,59.0,62.5,,,2,1,2.5199454,5e-07,0.03889,0.0006299999999999999,16.623,0.325,0.854,0.0545,0.0,0.0,,,,,5.687,0.0475,0.10362,0.000745,,6160.0,64.0,1.47,0.025,1.24,0.060000000000000005,,,0.441,0.0395,,,3.4,0.8999999999999999,,,,
WASP-3 b,5.0,5.5,,,3,1,1.84683,2e-06,,,15.917,1.906,2.43,0.53,0.0,0.0,,,,,5.18,0.35,,,,6400.0,100.0,1.44,0.12,1.62,0.53,0.0,0.0,,,4.25,0.05,,,,,,
WASP-4 b,4.0,38.5,,,1,1,1.33823147,2e-08,0.0226,0.00075,14.807,0.437,1.186,0.094,0.0,0.0,,,,,5.451,0.0375,0.15201,0.000365,,5400.0,90.0,0.89,0.03,0.86,0.08499999999999999,-0.07,0.19,,,4.47,0.11,7.0,7.0,,,,
WASP-5 b,12.1,9.0,,,1,1,1.6284279,3.55e-06,0.0267,0.001,12.184,0.779,1.58,0.115,0.038,0.022,,,1706.0,50.0,,,,,,5700.0,100.0,1.03,0.065,0.96,0.11,0.09,0.09,,,4.39,0.04,5.4,4.35,3.5,1.0,,
WASP-6 b,7.2,3.7,,,1,1,3.36101,2.8e-06,,,11.545,1.121,0.37,0.08,0.05,0.02,,,,,10.62,0.41,,,,5450.0,100.0,0.73,0.07,0.55,0.17,-0.2,0.2,,,4.6,0.2,,,,,,
WASP-7 b,86.0,6.0,,,1,1,4.9546416,3.5e-06,0.0617,0.0011,14.908,1.042,0.96,0.13,,,,,1487.0,48.0,9.074,0.504,0.0956,0.0016,,6400.0,100.0,1.43,0.09,1.28,0.07,0.0,0.1,,,4.23,0.05,2.4,1.0,,,,
WASP-8 b,143.0,1.55,,,2,2,8.15872,1.5e-05,,,12.666,0.56,2.54,0.33,0.31,0.0,,,,,18.28,0.91,,,,5600.0,80.0,1.03,0.04,1.34,0.26,0.17,0.17,,,4.5,0.1,,,,,,
WASP-11 b,7.0,5.0,,,3,1,3.72247,7e-06,,,12.442,1.121,0.79,0.17,0.0,0.0,,,,,12.71,0.64,,,,4800.0,100.0,0.89,0.08,1.42,0.43,0.0,0.0,,,4.45,0.2,,,,,,
WASP-12 b,59.0,17.5,,,3,1,1.09142,1.4e-07,0.0232,0.00064,21.712,0.628,1.465,0.079,,,,,2592.6,57.2,3.0,0.00895,0.117,0.0002,,6360.0,140.0,1.66,0.05,1.43,0.11,,,,,,,,,,,,
WASP-13 b,8.0,12.5,,,1,1,4.35301,3e-06,,,13.675,1.569,0.36,0.09,0.0,0.0,,,,,7.35,0.26,,,,5950.0,70.0,1.37,0.15,0.72,0.25,0.0,0.0,,,4.06,0.1,,,,,,
WASP-14 b,33.1,7.4,,,3,1,2.24375,1e-05,,,15.468,0.897,8.84,1.4,0.09,0.0,,,,,6.05,0.34,,,,6475.0,100.0,1.4,0.08,1.62,0.39,0.0,0.0,,,4.07,0.2,,,,,,
WASP-15 b,139.6,4.75,,,1,1,3.7521,1e-05,,,15.805,4.035,0.54,0.29,0.0,0.0,,,,,7.29,0.38,,,,6300.0,100.0,1.48,0.38,1.18,0.93,-0.17,0.17,,,4.35,0.15,,,,,,
WASP-16 b,4.2,12.45,,,1,1,3.1186,1.4e-05,,,13.675,1.121,1.24,0.25,0.0,0.0,,,,,9.52,0.57,,,,5700.0,150.0,1.14,0.09,1.78,0.54,0.01,0.01,,,4.49,0.04,,,,,,
WASP-17 b,148.5,4.800000000000001,,,1,1,3.73543,8e-06,,,20.961,2.69,0.78,0.23,0.0,0.0,,,,,8.97,0.62,,,,6550.0,100.0,1.49,0.19,2.28,0.99,-0.25,0.25,,,4.2,0.2,,,,,,
WASP-18 b,4.0,5.0,,,2,2,0.94145223,2.4e-07,0.02024,0.00030000000000000003,13.899,0.886,10.2,0.35,0.0051,0.005350000000000001,5805.0,723.5,2429.0,73.5,3.48,0.165,0.1018,0.0011,,6432.0,48.0,1.32,0.06,1.29,0.06,0.107,0.08,0.428,0.0435,4.31,0.035,1.57,1.17,,,,
WASP-19 b,1.9,1.1,,,1,1,0.78883852,7.85e-07,0.01652,0.00053,15.861,0.5155000000000001,1.154,0.079,0.0126,0.01145,3320.0,185.0,2113.0,29.0,3.533,0.05,0.1441,0.000495,,5616.0,65.5,1.01,0.03,0.96,0.095,0.04,0.275,-0.043,0.0335,4.42,0.02,6.4,3.8,,,,
WASP-20 b,12.7,4.2,,,2,1,4.8996284,3.3e-06,0.06,0.00069,16.388,0.661,0.311,0.017,0.0,0.0,,,1379.0,31.0,9.28,0.23,,,F9,5940.0,100.0,1.39,0.04,1.2,0.04,-0.008,0.06,,,4.23,0.02,7.0,1.5,4.75,0.51,,
WASP-21 b,8.0,26.5,,,1,1,4.322482,2.15e-05,0.052,0.00042500000000000003,11.99,0.56,0.3,0.011,0.0,0.0,,,,,,,,,G3 V,5924.0,55.0,,,,,,,,,,,,,1.5,0.6,,
WASP-22 b,22.0,16.0,,,1,1,3.53269,1e-05,,,13.787,1.569,0.67,0.19,0.02,0.01,,,,,8.94,0.85,,,,6000.0,100.0,1.24,0.13,1.46,0.63,-0.05,0.05,,,4.5,0.2,,,,,,
WASP-24 b,4.7,4.0,,,3,1,2.34121,2e-06,,,15.468,1.793,1.24,0.29,0.0,0.0,,,,,5.91,0.17,,,,6075.0,100.0,1.42,0.16,1.43,0.5,0.0,0.0,,,4.26,0.17,,,,,,
WASP-25 b,14.6,6.7,,,1,1,3.76483,5e-06,,,11.994,1.121,0.44,0.1,0.0,0.0,,,,,11.1,0.52,,,,5750.0,100.0,0.8,0.08,0.67,0.22,-0.05,0.05,,,4.5,0.15,,,,,,
WASP-26 b,34.0,31.0,,,2,1,2.7566,1e-05,,,13.563,1.681,0.85,0.23,0.0,0.0,,,,,6.43,0.31,,,,6034.0,31.0,1.22,0.15,0.86,0.34,0.16,0.16,,,4.44,0.06,,,,,,
WASP-28 b,8.0,18.0,,,1,1,3.40883495,1.5e-07,0.0442,0.001,13.664,0.314,0.889,0.058,0.0,0.0,,,1456.0,40.0,,,,,,6084.0,45.0,1.08,0.03,0.99,0.07,,,,,,,5.5,2.6,,,,
WASP-31 b,2.8,3.1,,,1,1,3.4059096,5e-06,0.04659,0.00035,17.363,0.56,0.478,0.029,0.0,0.0,,,,,,,,,,6302.0,102.0,1.25,0.03,1.16,0.03,,,,,,,,,7.9,0.6,,
WASP-32 b,10.5,6.45,,,1,1,2.71866,2e-06,,,10.761,1.681,2.63,0.82,0.0,0.0,,,,,7.72,0.25,,,,6140.0,95.0,0.95,0.15,0.72,0.34,-0.13,0.13,,,4.4,0.02,,,,,,
WASP-33 b,111.64,0.28,108.19,0.96,2,1,1.21987,1e-06,0.0239,0.00063,17.856,0.829,2.093,0.139,,,,,2781.7,41.1,3.571,0.01,0.1118,0.0002,,7430.0,100.0,1.44,0.03,1.5,0.03,,,,,,,,,,,,
WASP-38 b,7.5,5.4,,,1,1,6.87188,1e-05,,,13.787,0.673,3.44,0.36,0.03,0.0,,,,,12.11,0.27,,,,6180.0,50.0,1.52,0.07,1.76,0.28,-0.02,0.02,,,4.25,0.01,,,,,,
WASP-39 b,0.0,11.0,,,1,1,4.0552842,3.5e-06,,,,,,,0.0,0.0,,,,,11.39,0.012,,,,5485.0,50.0,,,,,,,,,,,,,,,,
WASP-41 b,6.0,11.0,,,1,2,3.0524,1e-06,,,12.33,0.56,0.85,0.11,0.0,0.0,,,,,9.96,0.42,,,,5545.0,33.0,0.83,0.04,0.81,0.15,0.06,0.06,,,4.53,0.05,,,,,,
WASP-43 b,3.5,6.8,0.0,10.0,1,1,0.813475,1e-06,0.0142,0.0004,10.424,0.897,1.78,0.1,0.0,0.0,,,,,,,,,,4400.0,200.0,0.6,0.035,0.58,0.05,,,,,,,,,4.0,0.4,,
WASP-47 b,,,29.0,12.0,1,4,4.159151,4e-07,,,12.86,0.1,1.17674,0.051915,0.0006,0.00035,,,,,,,,,,5576.0,67.0,1.16,0.01,1.06,0.05,,,,,,,,,,,,
WASP-49 b,54.0,68.5,,,2,1,2.78174,6e-06,,,12.442,1.233,0.37,0.08,0.0,0.0,,,,,8.37,0.37,,,,5600.0,150.0,0.97,0.09,0.92,0.3,-0.23,0.23,,,4.5,0.1,,,,,,
WASP-52 b,0.6,0.935,,,1,1,1.7497798,1.2e-06,0.0272,0.0003,14.24,0.34,0.46,0.02,0.0,0.0,,,1315.0,35.0,7.3801,0.10895,,,K2 V,5000.0,100.0,0.79,0.02,0.87,0.03,0.03,0.12,,,4.58,0.01,0.4,0.25,3.6,0.9,,
WASP-53 b,1.0,12.0,,,1,2,3.3098443,2e-06,0.04101,0.00087,12.038,0.415,2.132,0.093,0.03,0.03,,,1053.0,16.0,11.05,0.195,,,,4953.0,60.0,0.8,0.02,0.84,0.05,0.22,0.11,-0.463,0.028999999999999998,4.55,0.02,,,0.86,0.21,,
WASP-60 b,129.0,17.0,,,1,1,4.305,6e-06,,,9.864,1.345,0.55,0.19,0.0,0.0,,,,,10.04,1.16,,,,5900.0,100.0,1.17,0.15,1.19,0.61,-0.04,0.04,,,4.2,0.1,,,,,,
WASP-61 b,4.0,17.75,,,1,1,3.8559,3e-06,,,15.805,2.466,2.68,0.84,0.0,0.0,,,,,8.15,0.24,,,,6250.0,150.0,1.55,0.24,1.82,0.85,-0.1,0.1,,,4.26,0.01,,,,,,
WASP-62 b,19.4,5.0,,,1,1,4.41195,3e-06,,,14.796,0.897,0.52,0.08,0.0,0.0,,,,,9.55,0.41,,,,6230.0,80.0,1.23,0.08,1.11,0.25,0.04,0.04,,,4.45,0.1,,,,,,
WASP-66 b,4.0,22.0,,,1,1,4.08605,7e-06,,,15.693,3.139,2.35,0.98,0.0,0.0,,,,,6.73,0.37,,,,6600.0,150.0,1.76,0.35,1.33,0.83,-0.31,0.31,,,4.3,0.2,,,,,,
WASP-69 b,0.4,1.95,,,1,1,3.86814,2e-06,,,12.442,0.448,0.29,0.03,0.0,0.0,,,,,12.0,0.46,,,,4700.0,50.0,0.86,0.03,0.98,0.14,0.15,0.15,,,4.5,0.15,,,,,,
WASP-71 b,1.9,7.3,,,1,1,2.90367,7e-06,,,13.227,1.345,1.39,0.33,0.0,0.0,,,,,4.3,0.27,,,,6050.0,100.0,1.82,0.19,0.76,0.27,0.15,0.15,,,3.9,0.05,,,,,,
WASP-72 b,7.0,11.5,,,1,1,2.21673,2e-06,,,14.46,2.018,2.3,0.7,0.0,0.0,,,,,4.61,0.35,,,,6250.0,100.0,2.18,0.29,2.78,1.28,-0.06,0.06,,,4.09,0.05,,,,,,
WASP-74 b,0.77,0.99,,,1,1,2.13775,1e-06,,,15.244,1.121,0.72,0.12,0.0,0.0,,,,,4.86,0.2,,,,5990.0,110.0,1.42,0.1,0.98,0.24,0.39,0.39,,,4.39,0.07,,,,,,
WASP-76 b,61.3,6.35,,,2,1,1.80988198,6e-07,0.033,0.0002,20.781,0.8574999999999999,0.894,0.0135,0.0,0.0,4104.0,896.0,2228.0,122.0,4.08,0.04,0.10852,0.00084,F7,6329.0,65.0,1.76,0.07,1.46,0.02,0.366,0.053,,,4.2,0.11,1.816,0.274,1.48,0.28,,
WASP-77 A b,8.0,18.5,,,2,1,1.36002854,6.2e-07,0.02335,0.00043999999999999996,13.787,0.33599999999999997,1.667,0.066,0.0074,0.0059,1440.0,85.0,1715.0,25.5,5.332,0.069,0.13354,0.0007199999999999999,,5617.0,72.0,0.91,0.025,0.9,0.065,-0.1,0.10500000000000001,-0.129,0.035500000000000004,4.48,0.01,6.2,3.75,,,,
WASP-78 b,6.4,5.9,,,1,1,2.17518,5e-06,,,21.633,5.044,1.11,0.54,0.0,0.0,,,,,3.54,0.21,,,,6100.0,150.0,2.46,0.58,1.87,1.36,-0.35,0.35,,,4.1,0.2,,,,,,
WASP-79 b,99.1,4.0,,,1,1,3.662392,4e-06,0.0519,0.0008,17.15,0.448,0.85,0.08,0.0,0.0,,,1716.2,25.1,7.407,0.109,0.1044,0.00048,F5,6600.0,100.0,1.51,0.035,1.39,0.06,0.03,0.1,,,4.2,0.15,,,,,,
WASP-80 b,14.0,14.0,,,1,1,3.06785234,8.1e-07,0.0344,0.0010500000000000002,11.198,0.3415,0.538,0.035500000000000004,0.002,0.006,,,825.0,19.0,12.63,0.10500000000000001,0.17137,0.00038,,4143.0,93.0,0.59,0.02,0.58,0.05,-0.13,0.16,,,4.66,0.015,,,1.27,0.15500000000000003,,
WASP-84 b,0.3,1.7,17.3,7.7,1,2,8.52349648,6e-07,0.0778,0.0021,10.72,0.27,0.692,0.058,,,,,732.0,12.0,21.78,0.20500000000000002,0.12793,0.00058,K0,5280.0,80.0,0.77,0.02,0.85,0.04,,,,,,,,,,,,
WASP-87 b,8.0,11.0,,,2,1,1.682795,1.9e-06,0.02946,0.00075,15.524,0.673,2.18,0.15,0.0,0.0,,,,,,,,,,6450.0,120.0,1.63,0.06,1.2,0.09,,,,,,,,,9.9,0.6,,
WASP-94 A b,123.0,3.0,,,2,2,3.95019,4e-06,,,17.71,1.457,0.5,0.13,0.0,0.0,,,,,8.44,0.84,,,,6170.0,80.0,1.48,0.12,1.67,0.64,0.26,0.26,,,4.27,0.07,,,,,,
WASP-100 b,79.0,14.5,,,2,1,2.84938,8e-06,,,14.908,1.569,1.26,0.45,0.0,0.0,,,,,4.93,0.75,,,,6900.0,120.0,1.57,0.16,0.77,0.42,-0.03,0.03,,,4.35,0.17,,,,,,
WASP-101 b,34.0,3.0,,,1,1,3.58572,4e-06,,,16.029,1.009,0.51,0.08,0.0,0.0,,,,,8.45,0.3,,,,6380.0,120.0,1.31,0.08,1.41,0.3,0.2,0.2,,,4.31,0.08,,,,,,
WASP-103 b,2.0,35.5,,,1,1,0.925542,1.9e-05,0.01985,0.00021,17.127,0.6725,1.49,0.088,,,,,2508.0,72.5,2.978,0.07300000000000001,0.1093,0.0018,F8 V,6110.0,160.0,1.44,0.04,1.22,0.04,0.06,0.13,0.413,0.059,4.22,0.08499999999999999,4.0,1.0,10.6,0.9,,
WASP-105 b,14.0,26.0,,,1,1,7.87288,1e-05,0.075,0.003,10.761,0.336,1.8,0.1,0.0,0.0,,,900.0,20.0,17.9,0.2,,,K2,5070.0,130.0,0.9,0.03,0.89,0.09,0.28,0.16,,,4.2,0.2,,,1.7,1.9,,
WASP-106 b,1.0,11.0,,,1,1,9.28971,1e-05,,,11.433,3.363,1.62,0.94,0.0,0.0,,,,,13.79,0.44,,,,6055.0,136.0,1.31,0.38,0.93,0.8,-0.09,0.09,,,4.23,0.02,,,,,,
WASP-107 b,158.0,17.0,103.5,1.795,1,2,5.7214742,5.7214742,,,,,0.096,0.005,0.06,0.04,,,,,,,,,,4425.0,70.0,0.67,0.02,0.68,0.02,0.02,0.09,-0.879,0.01,4.63,0.01,3.4,0.7,,,17.0,1.0
WASP-117 b,46.9,5.15,,,1,1,10.02165,0.00055,,,11.882,0.785,0.3,0.05,0.3,0.02,,,,,17.43,0.98,,,,6040.0,90.0,1.22,0.06,1.29,0.3,-0.11,0.11,,,4.28,0.16,,,,,,
WASP-120 b,2.0,4.0,,,1,1,3.6112706,4.3e-06,0.0514,0.0007,16.511,1.076,4.85,0.21,0.057,0.019999999999999997,,,1880.0,70.0,5.9,0.33,,,F5,6450.0,120.0,1.87,0.11,1.39,0.06,-0.05,0.07,,,4.04,0.05,2.6,0.5,15.1,1.2,,
WASP-121 b,87.2,0.43,88.1,0.25,1,1,1.27492504,1.45e-07,0.02596,0.00053,19.649,0.404,1.157,0.07,0.0,0.0,,,,,3.8131,0.00675,0.12355,0.00031,,6586.0,59.0,1.46,0.03,1.36,0.07500000000000001,,,,,,,,,,,1.13,1.13
WASP-127 b,128.4,5.55,,,2,1,4.17806203,7.05e-07,0.0484,0.001155,14.695,0.3025,0.1647,0.019299999999999998,0.0,0.0,,,,,7.81,0.1,0.10103,0.000365,,5750.0,100.0,1.33,0.03,0.95,0.02,,,,,,,,,,,,
WASP-131 b,162.4,1.25,123.7,10.4,1,1,5.322023,5e-06,0.0607,0.0009,13.675,0.56,0.27,0.02,0.0,0.0,,,1460.0,30.0,,,,,G0,6030.0,90.0,1.53,0.05,1.06,0.06,-0.18,0.08,,,4.09,0.03,4.5,3.5,3.0,0.9,,
WASP-148 b,8.2,9.2,,,1,2,8.803809,4.3e-05,0.08215,0.00118,8.474,0.16849999999999998,0.287,0.019,0.208,0.0225,,,,,19.33,0.41500000000000004,0.08498,0.00072,,5555.0,90.0,0.91,0.01,0.95,0.04,0.099,0.078,-0.139,0.0215,4.5,0.025,3.6,3.35,,,,
WASP-156 b,106.0,14.0,,,1,1,3.8361623,1.5e-06,0.0458,0.0008500000000000001,6.028,0.124,0.13152,0.00912,0.0,0.0,,,934.498327568,13.996633986900001,,,0.06684,0.00079,,4987.0,56.5,0.83,0.01,0.87,0.03,0.305,0.058499999999999996,-0.418,0.023,4.54,0.02,5.6,3.55,,,,
WASP-166 b,0.7,0.6,0.0,28.0,1,1,5.44354,4e-06,0.0641,0.0011,7.062,0.336,0.101,0.005,0.0,0.0,440.0,40.0,1270.0,30.0,11.3,0.6,,,F9 V,6050.0,50.0,1.22,0.06,1.19,0.06,0.19,0.05,,,4.34,0.05,2.1,0.9,5.1,0.3,12.1,0.9
WASP-167 b,165.0,5.0,,,1,1,2.0219596,6e-07,0.0365,0.0006,17.71,0.56,8.0,8.0,,,,,2329.0,64.0,,,,,F1 V,7000.0,250.0,1.79,0.05,1.59,0.08,0.1,0.1,,,4.13,0.02,1.29,0.315,49.94,0.04,1.81,1.81
WASP-174 b,31.0,1.0,,,1,1,4.2337005,1.8e-06,0.05503,0.00056,16.107,0.56,0.33,0.091,0.0,0.0,901.9,39.45,1528.0,17.0,8.789,0.088,0.1098,0.003,,6399.0,68.0,1.35,0.02,1.24,0.04,0.06,0.06,0.436,0.025500000000000002,4.27,0.01,2.2,0.52,16.24,0.53,,
WASP-180 A b,157.0,2.0,,,2,1,3.409264,1e-06,0.048,0.001,13.899,0.448,0.9,0.1,0.0,0.0,,,1540.0,40.0,,,,,F7 V,6600.0,200.0,1.19,0.06,1.3,0.1,0.1,0.2,,,4.42,0.01,1.2,1.0,19.9,0.6,3.3,3.3
WASP-190 b,21.0,6.0,,,1,1,5.367753,4e-06,0.0663,0.0008,12.89,1.009,1.0,0.1,0.0,0.0,,,1500.0,50.0,,,,,F6 IV-V,6400.0,100.0,1.6,0.1,1.35,0.05,-0.02,0.05,,,4.17,0.04,,,13.3,0.6,,
XO-2 N b,7.0,11.0,27.0,19.5,2,3,2.61586178,2.61586178,0.0368,0.0368,11.131,0.135,0.566,0.025,,,,,,,7.986,0.0735,0.10304,0.00037,,5332.0,57.0,0.99,0.01,0.97,0.97,,,,,4.43,0.01,,,,,,
XO-3 b,37.3,3.0,,,1,1,3.19154,0.00014,,,15.805,1.345,7.29,1.19,0.29,0.0,,,,,4.95,0.18,,,,6429.0,50.0,1.54,0.11,0.58,0.14,-0.18,0.18,,,3.95,0.06,,,,,,
XO-4 b,46.7,7.1,,,1,1,4.12508,4e-06,,,14.011,0.897,1.42,0.19,0.0,0.0,,,,,7.68,0.11,,,,6397.0,70.0,1.45,0.09,1.1,0.22,-0.04,0.04,,,4.18,0.03,,,,,,
XO-6 b,20.7,2.3,,,1,1,3.7650007,8.1e-06,0.0815,0.0077,23.203,2.466,4.4,4.4,0.0,0.0,,,1577.0,28.0,9.08,0.17,0.11,0.006,F5,6720.0,100.0,1.93,0.18,1.47,0.06,-0.07,0.1,,,4.04,0.1,1.88,0.55,48.0,3.0,,
GPX-1 b,6.8,1.7,,,1,1,1.744579,8e-06,0.0338,0.0003,16.477,1.121,19.7,1.6,0.0,0.0,4650.0,370.0,2300.0,48.0,4.67,0.43500000000000005,0.095,0.002,F2,7000.0,200.0,1.56,0.1,1.68,0.1,0.35,0.1,0.727,0.0325,4.27,0.05,0.27,0.12,40.0,10.0,,
HATS-38 b,108.0,13.5,,,1,1,4.375021,1e-05,0.05036,0.000265,6.882,0.191,0.074,0.011,0.0,0.0,464.7,15.0,1294.0,10.0,9.81,0.14,0.057,0.0012,,5732.0,25.0,1.1,0.02,0.89,0.015,-0.102,0.043,0.072,0.0135,4.3,0.01,11.89,0.6,3.1,0.27,,
HD 118203 b,12.0,9.0,0.0,16.75,1,2,6.134989,1.3e-06,0.0701,0.0004,12.554,1.009,2.182,0.033,0.301,0.006,,,1371.0,16.5,7.46,0.125,0.05541,0.00021,K0 IV,5788.0,51.0,2.03,0.16,1.22,0.02,0.22,0.02,0.7,0.08,3.99,0.12,5.25,0.35,3.23,0.77,32.0,8.0
HD 191939 b,3.7,5.0,,,1,6,8.8803256,4.7e-06,0.0804,0.0024000000000000002,3.41,0.075,0.03146,0.0022,0.031,0.010499999999999999,100.0,7.0,880.0,20.0,18.36,0.41500000000000004,0.03319,0.000245,G9 V,5348.0,100.0,0.94,0.02,0.81,0.04,-0.15,0.06,-0.187,0.0135,4.3,0.1,8.7,8.7,2.0,2.0,,
K2-139 b,17.0,7.0,,,1,1,28.380619,0.0005395,0.1796,0.0015,9.11,0.17,,,,,,,524.0,8.0,47.25,1.355,0.0951,0.0009499999999999999,,5370.0,68.0,0.88,0.01,0.96,0.02,0.24,0.05,,,4.54,0.02,,,,,,
K2-329 b,24.0,11.0,,,1,1,12.4551225,3.1e-06,0.1016,0.00185,8.676,0.28,0.26,0.020999999999999998,0.0697,0.0405,45.7,1.9000000000000001,650.0,61.5,26.62,0.535,0.09679,0.000565,,5282.0,39.5,0.82,0.025,0.9,0.05,0.098,0.0675,-0.325,0.028,4.57,0.015,1.8,1.75,1.9,0.5,,
KELT-18 b,94.8,0.7,91.7,2.0,2,1,2.8717518,2.8e-06,0.0455,0.00068,17.598,0.4375,1.18,0.11,0.0,0.0,3152.0,231.0,2085.0,38.5,5.138,0.057999999999999996,0.08462,0.00091,F4 V,6670.0,120.0,1.91,0.04,1.52,0.07,0.09,0.13,0.813,0.041,4.06,0.01,1.9,0.2,12.3,0.3,,
KELT-24 b,1.4,4.800000000000001,,,2,1,5.55149296,5.149999999999999e-07,0.0665,0.0011,12.711,0.297,4.59,0.18,0.0319,0.0076500000000000005,624.0,40.0,1391.0,22.5,10.67,0.155,0.08702,0.000105,,6426.0,92.0,1.34,0.03,1.27,0.06,0.138,0.08399999999999999,0.439,0.035,4.29,0.01,1.98,0.87,19.74,0.14,,
NGTS-2 b,11.3,4.8,,,1,1,4.511164,6.1e-05,0.063,0.0027,17.878,0.5155000000000001,0.74,0.125,0.0,0.0,,,1468.0,43.5,,,0.09619,0.00101,F5 V,6478.0,91.5,1.7,0.045,1.64,0.20500000000000002,-0.06,0.09,,,4.2,0.045,2.17,0.37,15.2,0.8,,
TOI-559 b,10.0,13.0,,,1,1,6.9839095,5.1e-06,0.0723,0.0013,12.229,0.29700000000000004,6.01,0.235,0.151,0.0115,,,1180.0,17.0,12.61,0.30000000000000004,0.09097,0.00053,G V,5925.0,80.5,1.23,0.03,1.03,0.06,-0.069,0.07200000000000001,0.227,0.019999999999999997,4.27,0.025,6.8,2.25,4.08,0.5,,
TOI-677 b,0.0,1.0,,,1,1,11.2366,0.00011,0.1038,0.0017,13.115,0.336,1.236,0.068,0.435,0.024,,,1252.0,21.0,,,0.0942,0.0010999999999999998,F8,6295.0,77.0,1.28,0.03,1.18,0.06,0.0,0.05,,,4.29,0.03,2.92,0.765,7.8,0.19,,
TOI-942 c,24.0,14.0,0.0,21.5,3,2,10.156272,3.5499999999999996e-05,0.08598,0.000245,4.67,0.32,,,0.32,0.195,,,,,,,0.0479,0.0015,,4928.0,105.0,0.89,0.055,0.82,0.01,,,,,,,0.053,0.0215,14.24,0.52,,
TOI-1518 b,117.24,0.665,,,1,1,1.902603,1.1e-05,0.0389,0.0011,21.017,0.594,2.3,2.3,0.01,0.01,,,2492.0,38.0,4.291,0.059,0.0988,0.00135,F0,7300.0,100.0,1.95,0.05,1.79,0.26,-0.1,0.12,,,4.1,0.2,,,85.1,6.3,,
TOI-1859 b,38.9,2.75,,,1,1,63.48347,0.0001,0.337,0.039999999999999994,9.752,0.785,,,0.57,0.14,,,,,53.7,4.35,0.066,0.00045,,6341.0,69.0,1.36,0.11,1.29,0.06,0.12,0.055,,,4.29,0.07,1.41,1.165,12.49,0.33,,
TOI-2025 b,10.0,8.5,,,1,1,8.8720982,7.7e-06,0.0892,0.0020499999999999997,11.893,0.3585,3.6,0.33,0.394,0.036500000000000005,,,1166.0,17.0,13.12,0.48,0.07469,0.00047999999999999996,,5977.0,78.5,1.46,0.04,1.2,0.08,0.15,0.10500000000000001,0.387,0.0205,4.19,0.04,4.5,1.9,,,,
TOI-2524 b,10.0,20.5,,,1,1,7.18585,1e-05,0.073,0.0007,11.209,0.28,0.64,0.04,0.0,0.0,,,1100.0,20.0,14.3,0.25,0.092,0.001,,5831.0,80.0,1.12,0.02,1.01,0.03,0.06,0.05,0.116,0.0235,4.34,0.03,6.7,1.65,2.2,0.5,,
WASP-85 A b,16.2,2.9,,,2,1,2.6556777,4.4e-07,0.039,0.001,13.899,0.336,1.265,0.065,0.0,0.0,,,1452.0,6.0,,,,,G5 V,6112.0,27.0,0.94,0.02,1.09,0.08,,,,,,,,,,,15.1,0.6
KELT-14 b,0.09,0.89,,,1,1,1.7100566,2.9e-06,0.03005,0.00031,19.537,0.527,1.284,0.032,0.0,0.0,,,1970.0,50.0,4.248,0.072,,,G4,5720.0,130.0,1.52,0.03,1.24,0.04,0.32,0.09,,,4.17,0.02,5.11,0.8,3.3,0.8,,
WASP-130 b,1.0,2.0,,,1,1,11.55098,1e-05,0.1012,0.0014,9.976,0.336,1.23,0.04,0.0,0.0,,,833.0,18.0,,,,,G6,5625.0,90.0,0.96,0.03,1.04,0.04,0.26,0.1,,,4.49,0.02,2.0,2.0,0.5,0.5,,
WASP-139 b,85.6,5.95,,,2,1,5.924262,4e-06,0.062,0.002,8.967,0.56,0.117,0.017,0.0,0.0,,,910.0,30.0,,,,,K0,5310.0,90.0,0.8,0.04,0.92,0.1,0.2,0.09,,,4.59,0.06,0.5,0.5,4.2,1.1,,
WASP-178 b,105.7,3.9000000000000004,,,1,1,3.3448285,1.2e-06,0.0558,0.001,20.288,1.009,1.66,0.12,0.0,0.0,,,2470.0,60.0,7.17,0.21,,,A1 IV-V,9360.0,150.0,1.67,0.07,2.07,0.11,0.21,0.16,,,4.31,0.04,,,8.2,0.6,,
WASP-189 b,90.07,0.24,,,1,1,2.724033,2.724033,0.05053,0.00098,18.147,0.235,1.99,0.15000000000000002,0.0,0.0,,,3353.0,30.5,4.6,0.028,0.07045,0.00014,,8000.0,80.0,2.36,0.03,2.03,0.07,0.29,0.13,,,3.9,0.2,0.73,0.13,93.1,1.7,,
