sy_snum,sy_pnum,pl_orbper,pl_orbper_err,pl_orbsmax,pl_orbsmax_err,pl_rade,pl_rade_err,pl_bmassj,pl_bmassj_err,pl_orbeccen,pl_orbeccen_err,pl_ratdor,pl_ratdor_err,pl_ratror,pl_ratror_err,st_teff,st_teff_err,st_rad,st_rad_err,st_mass,st_mass_err,st_met,st_met_err,st_logg,st_logg_err,st_age,st_age_err,st_vsin,st_vsin_err,pl_ratmom,pl_ratmom_err
2,5,0.7365474,1.35e-06,0.01544,5e-05,1.875,0.029,0.02514,0.0010249999999999999,0.05,0.03,3.52,0.01,0.0182,0.0002,5172.0,18.0,0.94,0.01,0.91,0.01,0.35,0.1,4.43,0.02,2.4,0.8,1.23,0.01,2.6376311471334093e-05,1.1137827006683365e-06
1,3,6.26791,0.00043,0.069,0.003,1.4302002591893905,0.13001820538085368,0.011,0.001,0.077,0.0625,13.185938502451041,1.0521802180809432,0.011652301919137454,0.001315288675236142,5998.0,62.0,1.1252464072947492,0.0752905286492748,1.1,0.14,0.05,0.08,4.2423886043991414,0.7834794550846913,2.4,0.8,7.5,0.6,9.547511312217193e-06,1.4932872326992956e-06
1,3,8.4629991,8.4629991,0.0645,0.0013,4.184741715165348,0.3421175098891102,0.0633,0.005175,0.186,0.035500000000000004,20.780722007994004,1.5449951924597862,0.057480759467956645,0.006245324103294677,3540.0,115.0,0.6674345312870802,0.04776392286415774,0.5,0.03,0.05,0.08,4.944597952309479,0.7673741057650469,2.4,0.8,7.5,0.6,0.00012087149321266968,1.2257372862615046e-05
1,1,1.5089557,6.4e-06,0.025312207374215155,0.001332221442670718,16.7,0.9,1.03,0.12,0.0,0.0,4.92,0.08,0.1388,0.0021,5950.0,150.0,1.11,0.05,0.95,0.15,-0.3,0.25,4.25,0.3,2.4,0.8,5.2,1.0,0.001035151226482496,0.0002031222286472253
2,1,1.7429935,1e-06,0.02798,0.0007800000000000001,16.432,0.482,3.47,0.22,0.0143,0.0076500000000000005,6.611742146024164,0.2854523832458576,0.1655432760426292,0.007305037941994289,5625.0,120.0,0.91,0.03,0.96,0.08,0.05,0.08,4.607892591982051,0.48964676304403043,2.7,2.95,10.87,0.32,0.0034510275263951737,0.0003613553360927211
1,1,4.2568,5e-06,0.05709527614754229,0.0012502615222784214,11.32,0.78,21.66,1.0,0.0,0.0,7.8,0.4,0.0663,0.0009,6740.0,140.0,1.56,0.09,1.37,0.09,0.05,0.08,4.22,0.07,2.2,0.6,17.0,1.0,0.015094824454206162,0.0012120228377921287
1,1,2.99433,1.1e-05,0.0436,0.005,16.03,0.34,2.33,0.34,0.0,0.0,6.89,0.08,0.107,0.0005,6440.0,120.0,1.37,0.03,1.27,0.05,-0.03,0.08,4.22,0.23,2.0,1.0,40.0,5.0,0.0017516300281469343,0.00026474224051691963
1,1,1.9000693,2.8e-06,0.0295,0.0016,14.68,2.02,3.47,0.38,0.08,0.08,6.35,0.4,0.1341,0.0019,5440.0,100.0,1.0,0.13,0.95,0.15,-0.1,0.1,4.4,0.1,2.4,0.8,8.0,1.0,0.0034873541319361758,0.0006701094745584737
1,1,3.89713,2e-05,0.0518,0.0008,14.46,0.34,1.11,0.06,0.047,0.045,6.7,0.1,0.0786,0.0004,6090.0,70.0,1.65,0.04,1.21,0.05,-0.02,0.1,4.07,0.03,5.0,1.0,6.0,1.0,0.0008758460790546353,5.95921346884404e-05
1,1,5.616531,2.3e-05,0.066,0.007,15.805,1.569,0.68,0.44999999999999996,0.0,0.0,9.33705544585915,1.352662724240377,0.09532645082953178,0.013343516988002246,6730.0,140.0,1.52,0.15000000000000002,1.32,0.09,-0.1,0.1,4.16,0.06,2.1,0.55,25.6,0.3,0.0004918414918414918,0.0003272063222213429
2,1,8.138268,1.1e-05,0.079451043892775,0.0015732879995056528,5.7,0.17,0.09980554030183564,0.0029766564651424665,0.0,0.0,20.35,0.49,0.05419,0.00024,5428.0,80.0,0.96,0.03,1.01,0.06,0.0,0.0,4.522965362823153,0.3900075107826231,0.045,0.004,17.8,0.2,9.434599257957672e-05,6.271397658521557e-06
1,1,2.64388312,5.7e-07,0.0291,0.0015,4.17,0.168,0.07,0.007,0.13827,0.00018,13.73,0.445,0.0822,0.0010500000000000002,3416.0,54.0,0.46,0.02,0.47,0.07,0.05,0.08,4.79,0.045,2.4,0.8,7.5,0.6,0.00014219697699046886,2.5509195539340453e-05
1,1,3.3366496,3.6000000000000003e-06,0.0355,0.0019,4.57,0.18,0.04373,0.00472,0.010685061461662216,0.010685061461662216,13.98,0.24000000000000002,0.07617562428946645,0.004083520881648986,3600.0,100.0,0.55,0.02,0.54,0.045,0.2,0.1,4.7,0.05,2.4,0.8,7.5,0.6,7.731716105245516e-05,1.0543073306912441e-05
2,1,4.46529976,5.5e-07,0.05561,0.000825,14.785,0.213,0.525,0.019,0.010685061461662216,0.010685061461662216,9.853,0.071,0.11802,0.00018,5980.0,49.0,1.17,0.03,1.15,0.05,0.13,0.008,4.36,0.01,2.4,0.8,7.5,0.6,0.00043586464686208934,2.465665055294373e-05
1,2,5.6335158,3.6e-06,0.06814,0.00051,11.567635217273558,0.22813201704599828,8.62,0.17,0.5172,0.0019,10.54136664794943,0.6870795086118023,0.07629433572497321,0.0051639883089415655,6290.0,60.0,1.39,0.09,1.33,0.03,0.18,0.18,3.9022441466818854,0.512935248237534,1.44,0.47,7.5,0.6,0.00618793590310618,0.00018540396381327209
2,1,2.8997,5.4e-05,0.040579668253708095,0.003573052586158797,10.536,0.785,0.65,0.11,0.0,0.0,10.05,0.5,0.11102454982082051,0.011271837758835942,5185.0,80.0,0.87,0.06,1.06,0.28,0.27,0.27,4.56,0.03,2.4,0.8,7.5,0.6,0.0005854605993340733,0.0001836656004940048
2,1,3.056536,3.056536,0.04438,0.001155,14.28,0.611,0.671,0.0385,0.0,0.0,6.04,0.105,0.082,0.00044,5860.0,80.0,1.0155979202772965,0.05545927209705373,1.0209886723012254,0.12466894610363395,0.05,0.08,4.415065877551081,0.7232872427387436,2.4,0.8,7.5,0.6,0.0006274682828809726,8.465481010674259e-05
1,1,3.85298,5e-06,0.058405445138393484,0.006525748060351314,16.589,1.681,1.32,0.3,0.0,0.0,7.73,0.34,0.09387883772805433,0.013694814088373962,6570.0,80.0,1.62,0.17,1.79,0.6,-0.13,0.13,4.22,0.03,2.4,0.8,7.5,0.6,0.0007040622867109887,0.00028513126307430235
2,1,2.20474,1.7e-05,0.03845188297488534,0.005587025734890029,16.926,2.354,1.84,0.53,0.0,0.0,4.13,0.15,0.07758662354463129,0.015310757929709939,6389.0,17.0,2.0,0.28,1.56,0.68,0.26,0.26,4.07,0.06,2.4,0.8,7.5,0.6,0.0011261167188769,0.0005883629770646164
3,1,3.07634,4e-06,0.044832740485505465,0.004824520629830338,15.693,1.457,1.28,0.27,0.0,0.0,6.13,0.29,0.09163657188058767,0.012208026588870272,6200.0,80.0,1.57,0.15,1.27,0.41,0.01,0.01,4.15,0.03,2.4,0.8,7.5,0.6,0.0009622688566644103,0.000371087649826389
1,1,3.92281072,1.02e-06,0.05287,0.00078,15.614,0.74,0.749,0.0635,0.084,0.0495,8.5,0.345,0.10696,0.000865,6350.0,150.0,1.34,0.065,1.28,0.06,0.12,0.2,4.29,0.035,2.4,0.8,7.5,0.6,0.0005586785916289592,5.412227286534554e-05
1,2,4.88780244,4.88780244,0.05254,0.00065,4.36,0.06,0.07362,0.00472,0.218,0.0325,16.61463274399885,0.3192940115533822,0.058781422012530754,0.0011838890308182937,4780.0,50.0,0.68,0.01,0.81,0.025,0.31,0.05,5.1168099805026195,0.21814963482556415,6.5,5.0,1.5,1.5,8.677626948215184e-05,6.174591717984008e-06
1,1,3.2130598,2.1e-06,0.0384,0.0003,10.749,0.28,0.211,0.012,0.0,0.0,11.77,0.18,0.1406,0.0013,4650.0,60.0,0.7,0.015,0.73,0.02,-0.29,0.05,4.61,0.01,2.5,2.0,0.5,0.4,0.00027596231327093533,1.7420717622778373e-05
1,2,2.91625,1.5e-05,0.03951105735295621,0.0018754518379899823,14.258,0.729,0.851,0.038,0.0133,0.0041,5.8928,0.25045,0.08389,0.00081,5653.0,90.0,0.9797227036395147,0.06239168110918544,0.9673708083335217,0.13775313625999697,0.05,0.08,4.463564383505658,0.8527595142731489,2.4,0.8,1.66,0.37,0.0008398984191691249,0.00012534353195577807
2,1,4.62767,5e-06,0.07521331040957194,0.006906379446626015,15.917,1.345,3.44,0.63,0.11,0.01,8.9,0.36,0.08017746849959011,0.009464015803199473,6600.0,90.0,1.82,0.15,2.65,0.73,0.11,0.11,4.25,0.03,2.4,0.8,7.5,0.6,0.001239375053359515,0.0004099779723933175
1,1,10.8635,2.7e-05,0.09600289671142943,0.007360222082928502,11.882,0.785,1.94,0.3,0.19,0.02,19.25,0.77,0.10180480629339911,0.009465442909053566,5568.0,90.0,1.07,0.07,1.0,0.23,0.22,0.22,4.38,0.03,2.4,0.8,7.5,0.6,0.0018522171945701358,0.0005133458449995331
3,1,2.77596,3e-06,0.0413,0.0004,14.448,0.74,4.193,0.094,0.036,0.004,7.17,0.28,0.1071,0.0014,6158.0,80.0,1.24,0.05,1.22,0.04,0.17,0.08,4.34,0.03,2.0,0.8,3.5,0.5,0.0032813700764038277,0.0001303311595468945
1,2,10.33852,9e-06,0.09257388100268586,0.004675448535797865,11.769,0.448,0.58,0.06,0.35,0.01,22.72,0.68,0.12401745698948714,0.007402620605261367,5246.0,80.0,0.87,0.04,0.99,0.15,0.0,0.0,4.53,0.02,2.4,0.8,7.5,0.6,0.0005593491475844417,0.0001026194375145213
1,1,5.508023,6e-06,0.0559,0.0007,11.153,0.583,0.197,0.013,0.084,0.048,16.04,0.75,0.1365,0.0015,4803.0,80.0,0.75,0.04,0.77,0.03,0.1,0.08,4.57,0.04,12.4,5.4,0.5,0.5,0.0002442674972086737,1.8718960468049887e-05
1,1,2.875317,4e-06,0.0361,0.0005,9.718,0.37,7.246,0.187,0.015,0.005,11.17,0.29,0.1284,0.0016,4595.0,80.0,0.69,0.02,0.76,0.03,0.35,0.08,4.63,0.02,6.7,4.75,2.1,0.5,0.009102798285306026,0.00042930003505592694
1,1,4.12448,7e-06,0.05407848559670231,0.008722336386779501,12.442,1.793,4.87,1.57,0.23,0.02,9.65,0.74,0.09426866097170696,0.018972700020630947,5588.0,80.0,1.21,0.17,1.24,0.6,0.01,0.01,4.33,0.06,2.4,0.8,7.5,0.6,0.003749708071814334,0.0021801939812494363
2,1,3.21222,9e-06,0.044381382560222504,0.002880207718965551,12.89,2.13,2.47,0.32,0.02,0.01,8.58,0.39,0.10646146793624153,0.01823407419810032,5302.0,80.0,1.11,0.05,1.13,0.22,0.24,0.24,4.36,0.04,2.4,0.8,7.5,0.6,0.002086933888599688,0.00048804236661456016
1,1,1.212884,2e-06,0.0232,0.0002,15.334,1.009,2.09,0.111,0.106,0.044,4.14,0.23,0.1169,0.0012,5905.0,80.0,1.2,0.07,1.13,0.04,0.15,0.04,4.33,0.05,4.0,1.0,8.1,0.5,0.0017658671365074281,0.00011270759397677772
2,1,3.35524,7e-06,0.04871848123116391,0.008179015097483385,14.572,2.354,0.75,0.25,0.07,0.02,7.61,0.41,0.0968060695827162,0.021971111132713612,6373.0,80.0,1.38,0.22,1.37,0.69,-0.16,0.16,4.27,0.04,2.4,0.8,7.5,0.6,0.0005226739769461967,0.0003156769376640413
2,1,3.039577,5.5e-06,0.04,0.0008,11.43,0.7250000000000001,0.62,0.03,0.0,0.0,9.804,0.34,0.12,0.008,5316.0,104.7,0.86,0.045,0.92,0.11,0.3,0.03,4.53,0.07500000000000001,2.4,0.8,7.5,0.6,0.0006434192406059413,8.29914859180936e-05
2,1,5.72319,4.9e-05,0.07087927525379997,0.0097764517675155,13.115,1.457,0.88,0.25,0.09,0.05,11.74,1.02,0.09248843997744385,0.014310190621936978,6087.0,88.0,1.3,0.14,1.45,0.6,0.21,0.21,4.34,0.06,2.4,0.8,7.5,0.6,0.0005794351692931815,0.0002908351165564029
2,1,2.8106,5e-06,0.04511085780372032,0.004947642469084394,16.141,1.681,0.83,0.18,0.04,0.02,7.43,0.34,0.11295921182136284,0.01624965852867389,6304.0,88.0,1.31,0.13,1.55,0.51,0.13,0.13,4.36,0.3,2.4,0.8,7.5,0.6,0.0005112538315574369,0.00020147145895954693
2,1,2.1500082,1.3e-07,0.03397,0.000505,22.194,0.504,0.68,0.10500000000000001,0.159,0.0395,5.344,0.0395,0.14886,0.0005499999999999999,6001.0,88.0,1.37,0.03,1.13,0.05,-0.16,0.08,4.22,0.04,2.4,0.8,7.5,0.6,0.0005745405037440437,9.228640748604896e-05
2,1,3.47447,1e-06,0.05481768171390019,0.014557809246369234,20.737,5.492,0.92,0.5,0.0,0.0,6.57,0.18,0.10620755430606044,0.0400288964752417,6446.0,88.0,1.79,0.48,1.82,1.45,0.05,0.05,4.15,0.01,2.4,0.8,7.5,0.6,0.0004826214509472428,0.00046544948612607364
1,1,5.452654,1.6e-05,0.06774,0.00075,13.417,1.244,3.33,0.20500000000000002,0.432,0.028,9.520578793541278,0.7541154087197596,0.08039452998390674,0.009763267284337183,6442.0,88.0,1.53,0.12000000000000001,1.39,0.05,0.22,0.04,3.729479329445407,0.6002011541576436,1.7,0.45,24.0,0.5,0.0022872814870275727,0.00016308420856250185
1,1,1.32734683,4.8e-07,0.0241,0.00047,14.314,0.224,1.8482,0.087,0.010685061461662216,0.010685061461662216,4.95,0.042,0.1199,0.0002,5620.0,40.0,1.04,0.01,1.03,0.03,0.05,0.08,4.37139579839861,0.1525710322582627,2.4,0.8,7.5,0.6,0.0017131757676931865,9.483302092071001e-05
2,1,2.69405,4e-06,0.051838796987268225,0.012824702379765358,22.978,5.604,1.19,0.6,0.0,0.0,5.45,0.18,0.10275923810725819,0.035443524075166315,6390.0,100.0,2.05,0.5,2.56,1.9,0.21,0.21,4.14,0.02,2.4,0.8,7.5,0.6,0.0004438100961538461,0.00039820961224829737
1,1,2.69155,6e-06,0.04940343173765376,0.0061568841359111275,17.822,2.018,2.2,0.59,0.0,0.0,5.15,0.31,0.0793143428913534,0.012612490304593464,6820.0,52.0,2.06,0.23,2.22,0.83,0.07,0.07,4.1,0.04,2.4,0.8,7.5,0.6,0.0009461497696791816,0.0004353349745116971
1,1,2.79083,5e-06,0.04360699848797528,0.003378006925526371,16.926,1.233,2.31,0.44,0.010685061461662216,0.010685061461662216,6.37,0.11,0.10556003203351197,0.011023890686095193,6566.0,50.0,1.47,0.11,1.42,0.33,0.0,0.0,3.39,0.19,2.4,0.8,7.5,0.6,0.0015531514881142057,0.00046669119221041727
2,1,4.8101025,3.8e-07,0.06505,0.0017599999999999998,23.371,0.936,0.34,0.22,0.0,0.0,5.691,0.0905,0.0834,0.0017,6406.0,63.0,2.55,0.09,1.64,0.11,-0.08,0.05,3.85,0.015,1.24,0.245,35.8,1.1,0.00019793621013133213,0.00012876262892101565
1,1,4.7869491,1.95e-06,0.06555,0.000525,18.786,0.471,3.58,0.58,0.0,0.0,7.32,0.16999999999999998,0.08703,0.0007750000000000001,7394.0,480.0,1.93,0.045,1.65,0.045,-0.069,0.0665,4.11,0.045,1.27,0.36,77.44,0.56,0.002071520636226519,0.00034033149836862727
1,1,2.74432452,7.35e-07,0.04739,0.000685,20.961,1.401,6.78,6.78,0.0,0.0,5.45,0.39,0.09887,0.00114,8450.0,615.0,1.86,0.105,1.89,0.01,-0.059,0.08149999999999999,4.18,0.06,0.6,0.29000000000000004,99.85,0.625,0.003424980248509661,0.003425028188884769
1,1,1.35413379,8e-08,0.02317,0.00044,12.576,0.269,1.37,0.16,0.010685061461662216,0.010685061461662216,5.661779502659193,0.16768350155539732,0.13101540632717865,0.004088979808957697,5227.0,95.0,0.88,0.02,0.9,0.05,0.05,0.08,4.51,0.01,7.2,6.4,7.5,0.6,0.0014533433886375062,0.0001879591182599313
1,1,3.547851,5e-06,0.0485,0.0005,15.48,0.392,1.071,0.136,0.0,0.0,7.42,0.12,0.1011,0.0006,6351.0,76.0,1.4,0.03,1.21,0.04,-0.157,0.07,4.22,0.01,3.2,0.5,9.12,1.31,0.0008450731087094723,0.00011088760049440326
1,1,2.7667641,2.7e-06,0.03815,0.00032,11.646,0.303,1.071,0.07,0.142,0.142,8.8,0.16999999999999998,0.1145,0.0012,5346.0,60.0,0.93,0.015,0.97,0.02,0.33,0.06,4.48,0.02,4.9,1.7,3.8,1.2,0.001054163362410785,7.224662387204132e-05
1,1,1.8882378,1.5e-06,0.03632,0.0008049999999999999,15.513,0.8574999999999999,12.9,1.7000000000000002,0.18,0.18,4.17,0.14500000000000002,0.074,0.0028,7930.0,725.0,1.88,0.065,1.78,0.12,0.041,0.101,4.17,0.04,0.81,0.41500000000000004,40.61,0.33499999999999996,0.006919263816157405,0.0010242292817615965
1,4,0.959641,1.1e-05,0.01796,0.00034,1.67,0.135,0.01564,0.00074,0.0,0.0,4.388673278712089,0.09690061305879263,0.01739787917989729,0.0014202432092460938,5261.0,60.0,0.88,0.01,0.84,0.045,0.04,0.05,4.616946029081652,0.26867400516144885,7.8,4.3,7.5,0.6,1.7776556776556782e-05,1.2705659186751625e-06
1,4,29.8454,0.0012,0.1776,0.0034000000000000002,3.0,0.33,0.03502,0.0023899999999999998,0.06,0.06,43.398016386373435,0.966159626793887,0.031253675173468186,0.0034562003878976415,5261.0,60.0,0.88,0.01,0.84,0.045,0.04,0.05,4.616946029081652,0.26867400516144885,7.8,4.3,7.5,0.6,3.980402930402931e-05,3.4534468154912418e-06
1,1,21.21663,0.00045,0.16820095767312204,0.004771658966422431,12.33,0.336,3.51,0.21,0.68,0.0,23.34,0.43,0.07292793055961273,0.0027370510062846762,6040.0,24.0,1.55,0.04,1.41,0.12,0.19,0.19,4.2,0.06,2.4,0.8,7.5,0.6,0.002376720901126408,0.00024725452388477706
1,3,7.1079384,6.6e-06,0.072,0.001,2.164,0.053000000000000005,0.11736,0.0302,0.0,0.0,16.82884301704258,0.2968031066383115,0.02163,0.00043,5634.0,63.5,0.92,0.01,0.99,0.025,0.079,0.0535,4.51,0.015,1.5,1.3,7.5,0.6,0.00011318140682846566,2.9264634161825984e-05
2,1,111.4367,0.0004,0.47484944356527736,0.03716213038335073,11.994,0.336,4.38,0.74,0.93,0.0,98.38,7.32,0.10572877898298338,0.0035926120619154274,5561.0,24.0,1.04,0.02,1.15,0.27,0.35,0.35,4.42,0.02,2.4,0.8,7.5,0.6,0.0036363564823922883,0.0010518245116324986
1,2,21.05704,0.00046,0.1536,0.0017,4.35,0.23,0.04782,0.01164,0.22,0.15,25.5,1.2,0.03086,0.001,6327.0,48.0,1.3,0.06,1.09,0.04,-0.311,0.079,4.25,0.04,4.48,0.96,12.71,0.4,4.188642118809415e-05,1.0310908848976956e-05
3,6,13.673694,2.4e-05,0.1039,0.0013,2.388,0.036,0.01982,0.01982,0.20500000000000002,0.0925482657157258,28.37,0.3,0.0278,0.0003,5266.0,64.0,0.79,0.01,0.8,0.04,-0.2,0.04,4.54,0.03,8.1,4.0,2.5,1.0,2.3653959276018102e-05,2.368350826852098e-05
1,1,2.87589,2e-06,0.04448860486242028,0.0034463003767280834,8.295,0.224,0.38,0.06,0.0,0.0,6.8,0.52,0.053933647114952334,0.0018541893655369044,6179.0,15.0,1.41,0.03,1.42,0.33,0.32,0.32,4.37,0.04,2.4,0.8,7.5,0.6,0.0002554967815945447,7.178408828716851e-05
2,1,2.21857567,1.5e-07,0.030777241044517692,0.001038894212474097,12.666,0.112,1.13,0.08,0.0,0.0,8.84,0.27,0.15482487278999568,0.0024770471687688986,5052.0,16.0,0.75,0.01,0.79,0.08,-0.02,0.02,4.49,0.05,2.4,0.8,7.5,0.6,0.0013656566813677758,0.00016873961133991828
1,1,3.52474859,3.8e-07,0.04856890276209718,0.001184607384446538,15.581,0.224,0.73,0.04,0.0,0.0,8.81,0.19,0.12003582390265291,0.00265479849379543,6091.0,10.0,1.19,0.02,1.23,0.09,0.01,0.01,4.45,0.02,2.4,0.8,7.5,0.6,0.0005666409152779311,5.1798528513583674e-05
1,1,18.712024,2.3e-05,0.145,0.003,9.073,0.181,0.23314,0.017305,0.0,0.0,24.551264856446632,0.6383623127138673,0.0657,0.00053,6128.0,83.5,1.27,0.02,1.16,0.03,0.043,0.062,4.3,0.02,2.9,0.8500000000000001,7.5,0.6,0.00019188851614916524,1.5082869574839756e-05
1,2,6.9594731,2.2e-06,0.0748,0.0017000000000000001,9.987,0.22949999999999998,0.23017562942720624,0.005289406924356046,0.064,0.118,11.66,0.255,0.06644,0.00145,5675.0,75.0,1.38,0.06,1.22,0.05,0.05,0.08,3.879192832336522,0.3729091430241101,0.017,0.002,54.2,0.7,0.00018013151030762007,8.463748108259865e-06
1,1,3.48456408,5.5e-07,0.0287,0.0012,3.44,0.12,0.07709,0.017145,0.428,0.0495,21.09,0.58,0.1075,0.0018,3207.0,58.0,0.29,0.01,0.26,0.01,0.15,0.03,4.94,0.03,0.73,0.051000000000000004,8.8,0.6,0.00028308371040723987,6.389301037758648e-05
2,1,3.2588321,1.9e-06,0.04217,0.00024,13.339,0.224,0.73,0.04,0.066,0.022,10.51,0.15,0.14188,0.00062,5358.0,38.0,0.86,0.01,0.94,0.02,0.16,0.03,4.54,0.01,2.6,1.2,3.7,0.5,0.0007414556657360162,4.3583045379054734e-05
1,1,5.424865,3.3e-05,0.049807314234587736,0.002668248984498265,5.04,0.355,3.7,3.7,0.0,0.0,10.4,0.385,0.0432,0.0007999999999999999,3540.0,70.0,1.05,0.07,0.56,0.09,0.05,0.08,4.087607698667337,0.8535846828245145,0.009,0.001,8.2,1.8,0.006308177117000647,0.006389124958086378
1,1,2.9956348,2e-07,0.0442,0.002,13.75,0.585,1.236,0.13,0.010685061461662216,0.010685061461662216,6.68,0.1,0.0887,0.0005,6168.0,61.0,1.42,0.055,1.16,0.04,0.01,0.035,4.2,0.03,2.4,0.8,7.5,0.6,0.0010173037915431424,0.00011260165679980168
1,5,1114.0,1114.0,2.216272916514736,1.4781762286127291,13.675,0.56,1.236,0.13,0.20500000000000002,0.0925482657157258,355.6542731690883,237.34251401143837,0.0256,0.0006000000000000001,6226.0,43.0,1.34,0.03,1.17,0.07,0.05,0.08,3.9198466338205216,0.2929260572204718,2.4,0.8,7.5,0.6,0.0010086088873419192,0.00012204553770622777
1,1,8.2669928,6.8500000000000005e-06,0.0833,0.00775,3.59,0.09,0.05011778208911993,0.0012564346484737587,0.010685061461662216,0.010685061461662216,18.48,1.71,0.0339,0.00075,5636.0,50.5,0.97,0.01,1.05,0.02,0.23,0.035,4.49,0.01,2.4,0.8,7.5,0.6,4.557143727991513e-05,1.434811861168952e-06
1,1,6.569188,3.1e-05,0.068,0.001,13.563,1.009,0.93,0.04,0.0,0.0,14.1,0.2,0.117,0.001,5585.0,120.0,1.06,0.065,0.96,0.05,0.1,0.1,4.4,0.2,9.8,4.0,3.6,1.0,0.0009249151583710409,6.24752527531246e-05
1,1,11.168454,2.3e-05,0.10356,0.0007899999999999999,11.209,0.2355,0.398,0.037,0.258,0.025,19.25,0.29000000000000004,0.08868,0.00043000000000000004,6154.0,60.0,1.16,0.02,1.19,0.03,0.1,0.04,4.38,0.02,1.43,0.7849999999999999,4.16,0.282,0.0003193201262405415,3.07576844401535e-05
1,1,11.8143,0.0002,0.1066,0.0013,7.398,0.325,0.11,0.0175,0.22,0.1125,13.11,0.37,0.0389,0.00115,5576.0,74.5,1.75,0.05,1.16,0.04,0.421,0.05,4.02,0.03,7.53,1.145,7.5,0.6,9.053674520205961e-05,1.4738030122352775e-05
2,1,6.180235,1.4e-05,0.07229,0.000745,11.781,0.493,3.0,1.15,0.010685061461662216,0.010685061461662216,9.8,0.17,0.0681,0.00255,6202.0,51.0,1.59,0.03,1.32,0.04,0.141,0.0835,4.16,0.02,3.02,0.45,74.92,0.61,0.0021698889345948165,0.0008343856912004305
3,2,9.21165,0.000335,0.0923,0.0066,3.06,0.16,0.0343,0.0343,0.0,0.0,13.15,0.675,0.019,0.00028,6302.0,120.0,1.51,0.07,1.19,0.07500000000000001,-0.06,0.1,4.23,0.1,4.0,1.2000000000000002,6.5,1.0,2.7519297311684853e-05,2.757389890500231e-05
3,2,48.36685,0.000405,0.305,0.017,11.276,0.56,0.774,0.047,0.0,0.0,43.5,1.2,0.06848,0.000445,6302.0,120.0,1.51,0.07,1.19,0.07500000000000001,-0.06,0.1,4.23,0.1,4.0,1.2000000000000002,6.5,1.0,0.0006209893912316058,5.4348182228793425e-05
1,1,1.217514,1.5e-05,0.02466,0.00016,12.442,0.303,27.23,0.49,0.0099,0.00845,3.632033174431587,0.1022600942785576,0.07812676696970235,0.0028638318652709567,6518.0,50.0,1.46,0.04,1.32,0.03,0.05,0.08,3.80070105976536,0.22546098285769223,2.4,0.8,56.0,2.0,0.01969535856300562,0.000570942546720903
1,2,7.8457,0.0002,0.08686038262498608,0.009379290258764392,14.572,1.009,0.52,0.12,0.22,0.11,10.83,0.89,0.07722102660355395,0.00756840697633257,6102.0,43.0,1.73,0.12,1.42,0.46,-0.28,0.28,4.07,0.06,2.4,0.8,7.5,0.6,0.00034962717481358747,0.00013905931765212276
1,1,2.73477,4e-06,0.04621212281038568,0.0021880739971678644,17.934,0.673,1.39,0.22,0.0,0.0,5.5,0.17,0.0908366484887037,0.004895006534047411,6768.0,7.0,1.81,0.07,1.76,0.25,0.0,0.0,4.5,4.5,2.4,0.8,7.5,0.6,0.0007540364047716988,0.0001603588754802299
2,1,1.4811235,1.1e-06,0.03462,0.001015,21.196,0.639,2.88,0.84,0.0,0.0,3.153,0.011,0.08228,0.00043,10170.0,450.0,2.36,0.065,2.52,0.225,-0.03,0.2,4.09,0.01,0.3,0.3,111.4,1.27,0.0010911441499676794,0.00033282827011325145
1,1,4.1662739,6.3e-06,0.0525,0.000915,15.681,0.661,0.679,0.0385,0.010685061461662216,0.010685061461662216,9.34,0.265,0.119,0.0013,5948.0,74.0,1.21,0.045,1.11,0.06,0.09,0.10500000000000001,4.32,0.025,4.5,0.7,7.5,0.6,0.0005840324487383312,4.575195418784642e-05
1,1,4.7361,3e-05,0.06233125883887875,0.0010099972840029283,15.132,1.121,0.171,0.015,0.0007,0.00125,4.98,0.05,0.0514,0.0035,5375.0,25.0,2.69,0.04,1.44,0.07,0.17,0.07,3.7,0.1,2.4,0.8,7.5,0.6,0.00011337669683257921,1.1370340522477326e-05
1,1,3.0801716,5.2500000000000006e-06,0.04881,0.0006299999999999999,17.094,0.7010000000000001,1.31,0.28500000000000003,0.010685061461662216,0.010685061461662216,6.38,0.18,0.09526,0.000865,7454.0,49.0,1.65,0.06,1.64,0.065,-0.018,0.073,4.22,0.02,0.65,0.15,44.2,1.4,0.0007626365743295443,0.00016864794120711598
2,1,4.6117093,8.8e-06,0.0637,0.0029,21.409,1.233,4.07,4.07,0.010685061461662216,0.010685061461662216,7.5,0.19,0.10713,0.00092,7500.0,110.0,1.83,0.1,1.62,0.225,-0.12,0.51,4.13,0.03,2.4,0.8,84.8,2.0,0.0023986648790570364,0.002421689642627406
1,1,3.4741085,1.9e-06,0.0542,0.0017499999999999998,19.515,0.8009999999999999,3.382,3.382,0.010685061461662216,0.010685061461662216,7.42,0.13,0.1144,0.000615,8720.0,255.0,1.56,0.06,1.76,0.165,-0.29,0.29,4.29,0.02,0.6,0.6,117.4,2.9,0.001834641094199918,0.001842685844038741
1,1,3.6127647,3.3e-06,0.05224,0.00034500000000000004,17.777,0.4425,3.91,3.91,0.0,0.0,6.86,0.125,0.09952,0.0007199999999999999,7598.0,82.5,1.64,0.03,1.46,0.03,-0.405,0.0325,4.17,0.01,1.6,0.1,146.03,0.48,0.002556902002107482,0.002557441730234211
1,1,3.5224991,7e-07,0.0474,0.00195,15.872,0.6445,0.59,0.125,0.010685061461662216,0.010685061461662216,6.854,0.0175,0.09575,0.00021,6213.0,150.0,1.49,0.055,1.21,0.065,-0.055,0.03,4.17,0.03,2.4,0.8,7.5,0.6,0.00046553980778579713,0.00010175241151159315
1,3,19.23891,6e-05,0.143,0.006500000000000001,8.29,0.485,0.13655,0.00566,0.0609,0.00115,31.3,1.3,0.0776,0.0017000000000000001,5774.0,60.0,0.96,0.02,1.02,0.035,0.05,0.07,4.49,0.025,2.0,1.65,7.5,0.6,0.00012781496761600568,6.877746774138846e-06
3,1,1.763588,1e-06,0.03641,0.00087,16.948,0.392,9.28,0.16,0.00064,0.00014000000000000001,4.5007,0.00395,0.08737,2e-05,7650.0,250.0,1.74,0.04,1.72,0.1,0.2,0.2,4.2,0.5,2.4,0.8,7.5,0.6,0.005151215405661371,0.00031238079092036573
1,1,1.4857108,2e-07,0.02591,0.000365,14.68,0.22,2.45,0.11,0.011,0.011,5.48,0.02,0.13031,0.0002,5781.0,85.0,1.01,1.01,1.04,1.04,0.26,0.1,4.45,4.45,2.4,0.8,7.5,0.6,0.002249173337974243,0.002251439168546167
2,3,12.7207,0.000105,0.11238468148606402,0.0009605530322985161,5.217,0.0675,0.0479,0.0046,0.0061,0.0045000000000000005,18.308079011672543,0.2603249290139449,0.03637,0.00012,6270.0,79.0,1.32,0.015,1.17,0.03,0.05,0.08,3.949922388549602,0.13533837841218915,2.4,0.8,7.5,0.6,3.9087674517538775e-05,3.885219815024006e-06
1,3,29.33434,0.00815,0.18,0.18,3.9,0.2,0.036,0.004,0.042,0.003,40.74351467283993,41.06727354949031,0.03763600462994485,0.0051308693802674015,5498.0,54.0,0.95,0.12,0.99,0.08,0.18,0.27,4.77,0.23,2.0,0.8,7.5,0.6,3.4718222953517073e-05,4.769887733514793e-06
1,1,9.4341505,1e-06,0.08,0.002,6.11,0.2,0.378,0.378,0.45,0.45,19.12,0.08,0.0622,0.001,5576.0,50.0,0.9,0.025,0.98,0.04,0.05,0.08,4.52,0.02,0.21,0.045,5.6,0.8,0.0003682611506140918,0.0003685677794354202
2,4,22.342989,6.7e-06,0.1684,0.0022,11.27,1.06,0.334,0.035,0.022,0.038,23.8,1.9,0.06802,8e-05,6182.0,58.0,1.52,0.14,1.28,0.05,0.023,0.002,4.18,0.07,3.16,0.39,7.3,0.5,0.0002491303733031674,2.7861321127459815e-05
1,1,2.46502,2.46502,0.03664314221876565,0.024441586144714523,0.82,0.03,0.01573,0.01573,0.010685061461662216,0.010685061461662216,6.406151230879749,4.275865297927165,0.00614,0.00614,6104.0,74.0,1.23,0.03,1.08,0.07,-0.2,0.1,4.29,0.03,6.68,6.68,3.1,3.1,1.3905773420479304e-05,1.3934951608973518e-05
2,1,86.647661,3.4e-05,0.382,0.006,10.54,1.35,1.45,0.35,0.772,0.045,72.69332091825768,9.078339007580219,0.08551153037432217,0.015238110512246444,5520.0,80.0,1.13,0.14,0.99,0.05,0.27,0.09,4.32,0.1,9.3,3.0,4.6,0.2,0.0013983728689611044,0.0003448477417937376
1,2,17.855182,7e-06,0.154,0.0035,13.787,0.6165,1.1,2.15,0.34,0.07500000000000001,23.653873796176516,1.2227339603800502,0.0902826403006222,0.0058196502243574155,6820.0,120.0,1.4,0.065,1.5,0.1,0.05,0.08,3.9401467858132557,0.45040020110051493,2.4,0.8,7.5,0.6,0.0007001508295625944,0.0013692724271455311
1,2,31.562,0.011,0.1974,0.0026,7.459493091787459,0.9945990789049947,0.15,0.02,0.838,0.037,38.589047003018536,4.588759104717835,0.062169753079854694,0.011076814744772042,5731.0,60.0,1.1,0.13,1.03,0.04,0.05,0.08,4.259216865096523,1.020221783865769,6.31,2.5,2.8,1.0,0.00013904142687694944,1.9309210760139705e-05
1,1,2.14877381,8.750000000000001e-07,0.040352,4.75e-05,17.901,0.20750000000000002,1.236,0.13,0.00034,0.000285,4.1676,0.0049,0.07884,0.00021500000000000002,7490.0,150.0,2.08,0.02,1.9,0.065,0.15,0.15,3.251017813526376,0.12758671477594802,0.8,0.2,101.7,3.85,0.0006210907358894975,6.869378780423857e-05
2,1,2.82406,3e-05,0.047,0.004,17.15,0.6165,3.1,0.9,0.0,0.0,5.26,5.26,0.08,0.003,7800.0,200.0,1.92,0.11,1.75,0.05,0.0,0.0,4.1,0.05,0.8,0.8,45.66,1.015,0.001691273432449903,0.00049338689205698
1,1,1.4200242,2.2e-07,0.02332,0.0004,12.812,0.2855,1.294,0.0505,0.0,0.0,6.247,0.066,0.14629,0.000635,5013.0,90.5,0.8,0.02,0.84,0.04,0.171,0.0955,4.55,0.01,2.4,0.8,1.76,0.21,0.001470771385477268,9.055251502894222e-05
1,1,1.33711647,2.6e-07,0.02153,0.0002,14.056,0.146,2.494,0.054,0.0,0.0,5.935523343026577,0.09397225577477873,0.1659,0.00044,4645.0,50.0,0.78,0.01,0.74,0.02,0.02,0.08,4.53,0.01,5.0,5.0,3.28,0.04,0.0032177693530634714,0.00011143278669714333
2,1,3.506195,1.8e-05,0.0423,0.0004,11.904,0.796,0.668,0.066,0.0,0.0,12.61,0.22,0.151,0.007,5052.0,66.0,0.72,0.02,0.82,0.02,-0.025,0.093,4.64,0.01,1.02,0.62,2.9,0.5,0.0007777728727513521,7.915266283285241e-05
2,1,165.7719,0.00027499999999999996,0.641,0.011,13.294,0.4315,4.98,0.16999999999999998,0.9412,0.0009,98.45540976200745,2.7029064473680666,0.0873,0.00195,6166.0,43.0,1.4,0.03,1.27,0.065,0.09,0.03,4.23,0.06,3.2,0.5,4.6,0.595,0.0037438272704599716,0.0002303232545762714
1,1,5.0037775,4.8e-06,0.06608,0.0010400000000000001,19.851,0.6505000000000001,0.88,0.16,0.05,0.0445,6.82,0.22999999999999998,0.08738,0.0008849999999999999,6460.0,140.0,2.08,0.06,1.54,0.07500000000000001,0.072,0.0805,3.99,0.035,1.99,0.47500000000000003,6.1,0.5,0.0005455720749838397,0.00010269177785488938
1,1,4.633611,1e-06,0.06,0.003,15.4,0.5,2.8,0.2,0.21,0.04,7.6,0.2,0.0825,0.0005,6643.0,150.0,1.71,0.05,1.4,0.05,0.0,0.1,4.05,0.17,1.95,0.135,39.9,4.4,0.0019095022624434391,0.0001524920307861848
2,1,3.2797178,1.4e-06,0.04435,0.00099,14.067,0.437,1.1,0.07500000000000001,0.15,0.15,7.280009041363139,0.2753574005670472,0.09844478239830935,0.004288193032119558,5842.0,81.5,1.31,0.04,1.08,0.07500000000000001,0.153,0.091,4.24,0.04,6.8,2.7,5.8,0.25,0.0009724317077258255,9.463759733875674e-05
3,2,4.32421,1.9e-05,0.04866,0.000145,3.89,0.24,0.05648407500927063,0.003484878663811041,0.34,0.12000000000000001,11.756869243329408,0.7273922667084672,0.03995,0.0006399999999999999,4928.0,105.0,0.89,0.055,0.82,0.01,0.05,0.08,4.58388148489562,0.5692983348528434,0.053,0.0215,14.24,0.52,6.57661396476995e-05,4.136056846028681e-06
1,6,12.5199,0.0004,0.1062,0.0008,2.321487883425215,0.47233927433984674,0.02627,0.005345,0.042,0.004,23.54303090116163,0.9869122180643225,0.021941039464050925,0.004554978286728216,5770.0,50.0,0.97,0.04,1.02,0.03,0.07,0.06,4.47,0.04,0.7,0.15,6.7,0.6,2.4589521781563307e-05,5.055085537224933e-06
1,1,2.103189,4.000000000000001e-06,0.03653107655303188,0.00016567382304177189,17.026,0.661,1.179,0.023,0.011,0.0075,3.976,0.0635,0.07947,0.000435,6054.0,81.0,1.96,0.03,1.47,0.02,0.38,0.06,4.02,0.02,2.7,0.2,10.6,1.0,0.0007657493766737466,1.821248200053785e-05
1,1,8.1577094,4.5e-06,0.0711,0.00605,9.1,0.6,0.30331,0.025955,0.105,0.0395,16.62,0.905,0.091,0.001,5300.0,100.0,0.92,0.06,0.96,0.04,0.36,0.06,4.55,0.1,0.245,0.135,4.12,1.0,0.0003016516308446456,2.871046425290429e-05
1,1,2.650237,3e-06,0.046,0.002,16.701,0.56,3.12,0.18,0.0022,0.0023,5.15,0.05,0.07955,0.00058,7690.0,325.0,1.92,0.07,1.9,0.09,0.09,0.03,4.15,0.04,0.29,0.255,6.0,0.2,0.0015678018575851394,0.0001170316535003273
1,1,10.180249,1.5e-05,0.0903,0.00155,11.882,0.4425,0.851,0.0495,0.024,0.0245,18.54,0.6499999999999999,0.104,0.0015,5597.0,82.5,1.05,0.03,0.95,0.05,0.078,0.069,4.37,0.035,9.1,3.5,4.3,0.5,0.0008552560133365089,6.708973466230853e-05
1,2,40.74976,0.000116,0.249,0.005,11.063,0.28,0.63,0.08499999999999999,0.09,0.045,40.68,0.66,0.077,0.002,6170.0,61.0,1.32,0.02,1.21,0.02,0.09,0.07,4.29,0.11,2.53,0.43,9.2,0.6,0.0004971018286526308,6.75707191601752e-05
1,1,9.5739181,9.9e-06,0.1,0.002,12.349,0.2865,0.28128,0.02454,0.276,0.064,10.59286779945209,0.2974059078366416,0.05571,0.000745,6039.0,91.0,2.03,0.04,1.46,0.035,0.332,0.06,3.99,0.02,2.5,0.35,7.5,0.6,0.00018393999876030497,1.6642459675343577e-05
2,1,0.94667944,4.7e-07,0.01932,0.00037,13.978,0.6779999999999999,2.01,0.165,0.0,0.0,3.85,0.095,0.11865438487215114,0.006377109394221776,5814.0,92.0,1.08,0.025,1.07,0.06,0.196,0.084,4.4,0.03,3.6,2.7,7.5,0.6,0.001793504461453884,0.00017829882662860155
1,3,10.355096,1.8e-05,0.088,0.002,2.771,0.119,0.05066,0.025955,0.0,0.0,23.653873796176512,0.9139984853864912,0.03191,0.00092,5192.0,59.5,0.8,0.025,0.86,0.02,0.02,0.058499999999999996,4.57,0.03,2.7,2.75,7.5,0.6,5.624150268336315e-05,2.884428070283845e-05
1,1,0.67247414,1.55e-07,0.01791,0.00065,15.098,0.527,5.02,0.75,0.010685061461662216,0.010685061461662216,2.268,0.021,0.08155,0.00022,6540.0,160.0,1.7,0.06,1.45,0.07,0.068,0.066,4.14,0.045,1.77,0.78,81.2,1.6,0.0033054142611951944,0.0005189777566625907
1,1,18.09547,3e-05,0.153,0.0025,12.801,0.471,5.029,0.657,0.815,0.0275,17.97835415208647,0.6150260688349228,0.06412912575375197,0.003046693805742543,6532.0,87.0,1.83,0.055,1.45,0.07,0.017,0.053000000000000005,4.07,0.03,2.14,0.5900000000000001,20.0,4.1,0.0033113403026993294,0.000461192117965545
1,1,4.5445828,9.8e-06,0.0361,0.0008,6.43,0.2,0.10254,0.02311,0.06,0.05,25.9,0.835,0.197,0.002,3180.0,88.0,0.3,0.01,0.3,0.02,0.04,0.12,4.97,0.05,2.4,0.8,3.59,0.92,0.0003263339366515837,7.669787841996477e-05
1,1,3.5819194,1.1e-06,0.04,0.001,13.675,0.448,2.48,0.09,0.041,0.015,13.694,0.151,0.1955,0.0008,3794.0,79.0,0.63,0.02,0.61,0.02,0.52,0.08,4.64,0.03,1.4,0.6499999999999999,7.5,0.6,0.003881611156442401,0.00018984084212638914
1,1,3.25352,2e-05,0.04772878010027744,0.0008128989546805911,16.69,0.886,1.113,0.071,0.018,0.0235,4.63,0.385,0.077,0.002,6020.0,100.0,1.98,0.04,1.37,0.07,0.16,0.06,3.93,0.03,4.51,0.8049999999999999,5.9,1.0,0.0007756481817881559,6.339494702955207e-05
1,1,22.09341,4.9e-05,0.173,0.015,8.183,0.3025,3.87,3.87,0.074,0.074,21.53,0.515,0.042,0.0009,6560.0,320.0,1.72,0.04,1.41,0.065,-0.09,0.145,4.11,0.69,2.69,0.975,86.3,0.995,0.0026204871473957834,0.002623270126691122
1,2,5.4588385,7.1e-06,0.06519,0.000845,4.74,0.15000000000000002,0.07582472505445587,0.0023995166156473378,0.0,0.0,11.32,0.29500000000000004,0.03498,0.0006249999999999999,6150.0,120.0,1.24,0.03,1.24,0.05,0.18,0.13,4.22,0.055,0.8,1.75,7.5,0.6,5.8382050016385156e-05,2.9925300477285953e-06
1,2,10.590547,1.15e-05,0.098,0.005,10.3,0.4,0.18469,0.017775,0.13,0.13,20.0,0.6,0.0899,0.00065,6000.0,75.0,1.05,0.01,1.15,0.01,0.09,0.06,4.44,0.1,0.65,0.15,7.5,0.6,0.00015333303167420814,1.4817243478149645e-05
1,1,5.7987,0.0004,0.07310865902615621,0.0009433435270422173,14.392,1.098,1.635,0.032,0.091,0.016,7.17,0.35,0.056,0.00074,6223.0,100.0,2.34,0.06,1.55,0.06,0.37,0.06,3.89,0.02,2.31,0.385,10.4,1.0,0.0010071084513209752,4.368456449733412e-05
1,7,1.510826,6e-06,0.01154,0.0001,1.116,0.013000000000000001,0.00432,0.00022,0.010685061461662216,0.010685061461662216,20.843,0.1245,0.0859,0.00037,2566.0,26.0,0.12,0.0,0.09,0.0,0.05,0.08,5.24,0.01,2.4,0.8,7.5,0.6,4.5828054298642536e-05,2.333836098541981e-06
1,7,6.101013,3.5e-05,0.02925,0.0025,0.92,0.0125,0.00218,7e-05,0.010685061461662216,0.010685061461662216,52.855,0.3155,0.07079,0.00055,2566.0,26.0,0.12,0.0,0.09,0.0,0.05,0.08,5.24,0.01,2.4,0.8,7.5,0.6,2.312619406737054e-05,7.425842131724484e-07
1,7,9.20754,3.2e-05,0.03849,0.00033,1.045,0.0125,0.00327,0.0001,0.010685061461662216,0.010685061461662216,69.543,0.41500000000000004,0.0804,0.00047,2566.0,26.0,0.12,0.0,0.09,0.0,0.05,0.08,5.24,0.01,2.4,0.8,7.5,0.6,3.468929110105581e-05,1.060834590246355e-06
2,1,3.03007,8e-06,0.04152255276396445,0.0025286169962976273,12.666,0.673,0.84,0.11,0.0,0.0,10.48,0.28,0.1366101818735256,0.010828862124635278,5230.0,50.0,0.85,0.05,1.04,0.19,0.02,0.02,4.57,0.01,2.4,0.8,7.5,0.6,0.0007711451444483119,0.0001733362164109036
2,1,2.47063,1e-05,0.03962986576967826,0.002913960720320851,15.244,0.897,1.49,0.22,0.0,0.0,7.64,0.3,0.12477955399494854,0.0107112384601897,5850.0,50.0,1.12,0.07,1.36,0.3,-0.15,0.15,4.43,0.02,2.4,0.8,7.5,0.6,0.001046014107000266,0.0002776571286810608
2,1,3.55395,7.5e-05,0.04676489378616157,0.005484771532899763,18.046,2.018,0.78,0.19,0.0,0.0,6.04,0.23,0.09966332600778274,0.015947845268231998,6200.0,75.0,1.66,0.19,1.08,0.38,0.14,0.14,4.06,0.02,2.4,0.8,7.5,0.6,0.0006895424836601307,0.0002950852638496693
3,4,24.1396,0.0018,0.1688,0.0026,10.27,0.5549999999999999,0.23996122816571228,0.012967719730474227,0.29,0.29,27.0,1.1,0.07,0.0023,5050.0,100.0,1.34,0.055,1.1,0.05,0.05,0.08,3.8930534572325857,0.36530058587300684,0.023,0.004,7.5,0.6,0.00020827568549142448,1.4707469964672508e-05
3,4,8.24958,0.00072,0.0825,0.0013,5.59,0.33999999999999997,0.09694930695548444,0.005896737811245923,0.43,0.43,13.19,0.55,0.0381,0.0017,5050.0,100.0,1.34,0.055,1.1,0.05,0.05,0.08,3.8930534572325857,0.36530058587300684,0.023,0.004,7.5,0.6,8.41476913517368e-05,6.3894315766013065e-06
2,1,2.5199454,5e-07,0.03889,0.0006299999999999999,16.623,0.325,0.854,0.0545,0.0,0.0,5.687,0.0475,0.10362,0.000745,6160.0,64.0,1.47,0.025,1.24,0.060000000000000005,0.05,0.08,3.759896883580945,0.22238245338433618,3.4,0.8999999999999999,7.5,0.6,0.0006575463435994746,5.2661058524614364e-05
3,1,1.84683,2e-06,0.03460143497944882,0.0037734075184176433,15.917,1.906,2.43,0.53,0.0,0.0,5.18,0.35,0.10133541157587082,0.014783719270104554,6400.0,100.0,1.44,0.12,1.62,0.53,0.0,0.0,4.25,0.05,2.4,0.8,7.5,0.6,0.0014321266968325794,0.00056310932229364
1,1,1.33823147,2e-08,0.0226,0.00075,14.807,0.437,1.186,0.094,0.0,0.0,5.451,0.0375,0.15201,0.000365,5400.0,90.0,0.89,0.03,0.86,0.08499999999999999,-0.07,0.19,4.47,0.11,7.0,7.0,7.5,0.6,0.00131666842049879,0.00016681012527476955
1,1,1.6284279,3.55e-06,0.0267,0.001,12.184,0.779,1.58,0.115,0.038,0.022,5.574213860175754,0.40905800417634164,0.10844640935790033,0.009742278486704423,5700.0,100.0,1.03,0.065,0.96,0.11,0.09,0.09,4.39,0.04,5.4,4.35,3.5,1.0,0.0015713612368024135,0.00021330595815603832
1,1,3.36101,2.8e-06,0.03598089189106483,0.0037071221948908437,11.545,1.121,0.37,0.08,0.05,0.02,10.62,0.41,0.1449885106357842,0.019786046581783824,5450.0,100.0,0.73,0.07,0.55,0.17,-0.2,0.2,4.6,0.2,2.4,0.8,7.5,0.6,0.0006422871246400659,0.0002422764946885549
1,1,4.9546416,3.5e-06,0.0617,0.0011,14.908,1.042,0.96,0.13,0.010685061461662216,0.010685061461662216,9.074,0.504,0.0956,0.0016,6400.0,100.0,1.43,0.09,1.28,0.07,0.0,0.1,4.23,0.05,2.4,1.0,7.5,0.6,0.0007160633484162895,0.00010457564346659008
2,2,8.15872,1.5e-05,0.08744885150646174,0.00565589586959275,12.666,0.56,2.54,0.33,0.31,0.0,18.28,0.91,0.11273655785679297,0.006634170329532847,5600.0,80.0,1.03,0.04,1.34,0.26,0.17,0.17,4.5,0.1,2.4,0.8,7.5,0.6,0.001809752144256095,0.00042259598520424295
3,1,3.72247,7e-06,0.052839018742507585,0.005333515976767754,12.442,1.121,0.79,0.17,0.0,0.0,12.71,0.64,0.1281630109840061,0.016311202944630017,4800.0,100.0,0.89,0.08,1.42,0.43,0.0,0.0,4.45,0.2,2.4,0.8,7.5,0.6,0.0005311643617360271,0.00019732220391651737
3,1,1.09142,1.4e-07,0.0232,0.00064,21.712,0.628,1.465,0.079,0.010685061461662216,0.010685061461662216,3.0,0.00895,0.117,0.0002,6360.0,140.0,1.66,0.05,1.43,0.11,0.05,0.08,3.578700832728158,0.34965451931071245,2.4,0.8,7.5,0.6,0.0009781191659019714,9.188624589988828e-05
1,1,4.35301,3e-06,0.04676724283957543,0.005412875328697213,13.675,1.569,0.36,0.09,0.0,0.0,7.35,0.26,0.09151015256387253,0.014512931368047535,5950.0,70.0,1.37,0.15,0.72,0.25,0.0,0.0,4.06,0.1,2.4,0.8,7.5,0.6,0.00047737556561085973,0.00020424940296368246
3,1,2.24375,1e-05,0.039396636036673136,0.0031614584495544026,15.468,0.897,8.84,1.4,0.09,0.0,6.05,0.34,0.10129048235076697,0.008246455184843108,6475.0,100.0,1.4,0.08,1.62,0.39,0.0,0.0,4.07,0.2,2.4,0.8,7.5,0.6,0.005209876543209877,0.0015012898234568642
1,1,3.7521,1e-05,0.04993994928242724,0.01311981718466654,15.805,4.035,0.54,0.29,0.0,0.0,7.29,0.38,0.0979028413924921,0.03544861520852283,6300.0,100.0,1.48,0.38,1.18,0.93,-0.17,0.17,4.35,0.15,2.4,0.8,7.5,0.6,0.00043692000920315987,0.0004166958360046677
1,1,3.1186,1.4e-05,0.05063112864944337,0.005120001775781493,13.675,1.121,1.24,0.25,0.0,0.0,9.52,0.57,0.10997272720395211,0.012515886938507836,5700.0,150.0,1.14,0.09,1.78,0.54,0.01,0.01,4.49,0.04,2.4,0.8,7.5,0.6,0.0006651075296151304,0.00024226864444765615
1,1,3.73543,8e-06,0.0620168697869526,0.008976125890653558,20.961,2.69,0.78,0.23,0.0,0.0,8.97,0.62,0.1289698637748856,0.02333251063673101,6550.0,100.0,1.49,0.19,2.28,0.99,-0.25,0.25,4.2,0.2,2.4,0.8,7.5,0.6,0.00032662538699690407,0.00017143575475811872
2,2,0.94145223,2.4e-07,0.02024,0.00030000000000000003,13.899,0.886,10.2,0.35,0.0051,0.005350000000000001,3.48,0.165,0.1018,0.0011,6432.0,48.0,1.32,0.06,1.29,0.06,0.107,0.08,4.31,0.035,1.57,1.17,7.5,0.6,0.007549194991055455,0.00043633846079105314
1,1,0.78883852,7.85e-07,0.01652,0.00053,15.861,0.5155000000000001,1.154,0.079,0.0126,0.01145,3.533,0.05,0.1441,0.000495,5616.0,65.5,1.01,0.03,0.96,0.095,0.04,0.275,4.42,0.02,6.4,3.8,7.5,0.6,0.0011476904223227753,0.00013810100423406835
2,1,4.8996284,3.3e-06,0.06,0.00069,16.388,0.661,0.311,0.017,0.0,0.0,9.28,0.23,0.10808705066994273,0.005355468043942148,5940.0,100.0,1.39,0.04,1.2,0.04,-0.008,0.06,4.23,0.02,7.0,1.5,4.75,0.51,0.0002474396681749623,1.5842104869464117e-05
1,1,4.322482,2.15e-05,0.052,0.00042500000000000003,11.99,0.56,0.3,0.011,0.0,0.0,10.891148937764411,0.41414460191893543,0.10706375175101376,0.006388552366019853,5924.0,55.0,1.0266897746967072,0.03812824956672444,1.0377603523187962,0.08617666986336447,0.05,0.08,4.400417442664439,0.4902558258201435,2.4,0.8,1.5,0.6,0.0002760033554245162,2.5054437936000832e-05
1,1,3.53269,1e-05,0.05150220178185924,0.007407850941863911,13.787,1.569,0.67,0.19,0.02,0.01,8.94,0.85,0.10193201324263795,0.015772227823402513,6000.0,100.0,1.24,0.13,1.46,0.63,-0.05,0.05,4.5,0.2,2.4,0.8,7.5,0.6,0.00043813921775243293,0.00022623303235950806
3,1,2.34121,2e-06,0.03887855223759662,0.004531299794645777,15.468,1.793,1.24,0.29,0.0,0.0,5.91,0.17,0.09986385583878432,0.01614356674914608,6075.0,100.0,1.42,0.16,1.43,0.5,0.0,0.0,4.26,0.17,2.4,0.8,7.5,0.6,0.0008278960858146379,0.00034825898965627197
1,1,3.76483,5e-06,0.04144699092990103,0.0045364865695903265,11.994,1.121,0.44,0.1,0.0,0.0,11.1,0.52,0.13744741267787838,0.01881343655284826,5750.0,100.0,0.8,0.08,0.67,0.22,-0.05,0.05,4.5,0.15,2.4,0.8,7.5,0.6,0.0006270007428918754,0.00025038613937129967
2,1,2.7566,1e-05,0.03659202773509034,0.004822205206211525,13.563,1.681,0.85,0.23,0.0,0.0,6.43,0.31,0.1019197718066719,0.01779311984019736,6034.0,31.0,1.22,0.15,0.86,0.34,0.16,0.16,4.44,0.06,2.4,0.8,7.5,0.6,0.0009436493738819321,0.0004520845759026303
1,1,3.40883495,1.5e-07,0.0442,0.001,13.664,0.314,0.889,0.058,0.0,0.0,8.800515334941093,0.31528329440717595,0.11598894798204845,0.0041815417624477165,6084.0,45.0,1.08,0.03,0.99,0.07,0.05,0.08,4.278713112325293,0.38474909668459073,5.5,2.6,7.5,0.6,0.0008573472279354633,8.248370172921975e-05
1,1,3.4059096,5e-06,0.04659,0.00035,17.363,0.56,0.478,0.029,0.0,0.0,8.014792583009918,0.2015581350274515,0.1273436412246658,0.0051195044893835254,6302.0,102.0,1.25,0.03,1.16,0.03,0.05,0.08,4.055170886598499,0.22110339498725062,2.4,0.8,7.9,0.6,0.00039342331096895,2.594694446310875e-05
1,1,2.71866,2e-06,0.03417054628297391,0.005378697100123853,10.761,1.681,2.63,0.82,0.0,0.0,7.72,0.25,0.10384642200585552,0.02306536671578815,6140.0,95.0,0.95,0.15,0.72,0.34,-0.13,0.13,4.4,0.02,2.4,0.8,7.5,0.6,0.003487493715434892,0.0019734562007448844
2,1,1.21987,1e-06,0.0239,0.00063,17.856,0.829,2.093,0.139,0.010685061461662216,0.010685061461662216,3.571,0.01,0.1118,0.0002,7430.0,100.0,1.44,0.03,1.5,0.03,0.05,0.08,3.883805031879863,0.1795020197443546,2.4,0.8,7.5,0.6,0.0013321960784313726,9.23984702663361e-05
1,1,6.87188,1e-05,0.08541335060857232,0.004529495866364054,13.787,0.673,3.44,0.36,0.03,0.0,12.11,0.27,0.0831550634347836,0.00558048002600317,6180.0,50.0,1.52,0.07,1.76,0.28,-0.02,0.02,4.25,0.01,2.4,0.8,7.5,0.6,0.0018661044837515425,0.0003553534490604317
1,1,4.0552842,3.5e-06,0.048487728329035265,0.001317798318353847,13.675,0.56,1.236,0.13,0.0,0.0,11.39,0.012,0.13188306381078507,0.0072313676172034635,5485.0,50.0,0.9506065857885615,0.03466204506065858,0.9245692548304127,0.07538376312514598,0.05,0.08,4.504249421113496,0.49271643622025474,2.4,0.8,7.5,0.6,0.001276348301681844,0.00016985597810127533
1,2,3.0524,1e-06,0.03839079695135697,0.002369802280962794,12.33,0.56,0.85,0.11,0.0,0.0,9.96,0.42,0.13619071369566235,0.00901877578479134,5545.0,33.0,0.83,0.04,0.81,0.15,0.06,0.06,4.53,0.05,2.4,0.8,7.5,0.6,0.0010018993352326686,0.00022635156187594124
1,1,0.813475,1e-06,0.0142,0.0004,10.424,0.897,1.78,0.1,0.0,0.0,5.0891667864500985,0.32966926120791035,0.15927428489291362,0.016558111014365804,4400.0,200.0,0.6,0.035,0.58,0.05,0.05,0.08,5.222079241094919,0.7575208720307689,2.4,0.8,4.0,0.4,0.0029300982992666565,0.0003014983753113986
1,4,4.159151,4e-07,0.051611075018907174,0.0008114948902411363,12.86,0.1,1.17674,0.051915,0.0006,0.00035,9.567412656600538,0.17155774824886816,0.10163551471353585,0.0011799495448268278,5576.0,67.0,1.16,0.01,1.06,0.05,0.05,0.08,4.165465855028224,0.2091983154926137,2.4,0.8,7.5,0.6,0.001059899854862119,6.845474524627202e-05
2,1,2.78174,6e-06,0.03765113947675508,0.004092515160874971,12.442,1.233,0.37,0.08,0.0,0.0,8.37,0.37,0.11759286574821178,0.015963877421061534,5600.0,150.0,0.97,0.09,0.92,0.3,-0.23,0.23,4.5,0.1,2.4,0.8,7.5,0.6,0.00038397599842612633,0.00015023335380292958
1,1,1.7497798,1.2e-06,0.0272,0.0003,14.24,0.34,0.46,0.02,0.0,0.0,7.3801,0.10895,0.165251499718888,0.005750670562513218,5000.0,100.0,0.79,0.02,0.87,0.03,0.03,0.12,4.58,0.01,0.4,0.25,3.6,0.9,0.0005048109429448172,2.8013231503979775e-05
1,2,3.3098443,2e-06,0.04101,0.00087,12.038,0.415,2.132,0.093,0.03,0.03,11.05,0.195,0.1379516386373437,0.005874647591794248,4953.0,60.0,0.8,0.02,0.84,0.05,0.22,0.11,4.55,0.02,2.4,0.8,0.86,0.21,0.0024232492997198884,0.00017882654978853912
1,1,4.305,6e-06,0.05488692694278425,0.009378438497365102,9.864,1.345,0.55,0.19,0.0,0.0,10.04,1.16,0.07729114008027334,0.01446585462211379,5900.0,100.0,1.17,0.15,1.19,0.61,-0.04,0.04,4.2,0.1,2.4,0.8,7.5,0.6,0.00044127153123692925,0.000272769623293562
1,1,3.8559,3e-06,0.05875959525584407,0.009147556038048475,15.805,2.466,2.68,0.84,0.0,0.0,8.15,0.24,0.09348142274896021,0.02054876428727281,6250.0,150.0,1.55,0.24,1.82,0.85,-0.1,0.1,4.26,0.01,2.4,0.8,7.5,0.6,0.0014058972701506637,0.0007907593329459846
1,1,4.41195,3e-06,0.05451288987293171,0.0040925592998442535,14.796,0.897,0.52,0.08,0.0,0.0,9.55,0.41,0.11028126084624365,0.009805495917248826,6230.0,80.0,1.23,0.08,1.11,0.25,0.04,0.04,4.45,0.1,2.4,0.8,7.5,0.6,0.0004472708002119767,0.00012199514304020007
1,1,4.08605,7e-06,0.05501200700145276,0.011443600454108761,15.693,3.139,2.35,0.98,0.0,0.0,6.73,0.37,0.08174398741620605,0.02305657846477984,6600.0,150.0,1.76,0.35,1.33,0.83,-0.31,0.31,4.3,0.2,2.4,0.8,7.5,0.6,0.0016869662844895042,0.0012661890840926066
1,1,3.86814,2e-06,0.047905050922422095,0.002281192901127484,12.442,0.448,0.29,0.03,0.0,0.0,12.0,0.46,0.13263381369275049,0.00664941774482119,4700.0,50.0,0.86,0.03,0.98,0.14,0.15,0.15,4.5,0.15,2.4,0.8,7.5,0.6,0.00028252839597377416,4.983220201948843e-05
1,1,2.90367,7e-06,0.03635302267090253,0.004304963211424391,13.227,1.345,1.39,0.33,0.0,0.0,4.3,0.27,0.06662734031815533,0.009709885948275607,6050.0,100.0,1.82,0.19,0.76,0.27,0.15,0.15,3.9,0.05,2.4,0.8,7.5,0.6,0.0017461895689449868,0.0007461267040264017
1,1,2.21673,2e-06,0.046787297019651335,0.007180784194917701,14.46,2.018,2.3,0.7,0.0,0.0,4.61,0.35,0.06080990303476269,0.011724267529930452,6250.0,100.0,2.18,0.29,2.78,1.28,-0.06,0.06,4.09,0.05,2.4,0.8,7.5,0.6,0.0007899020150395522,0.00043596931892669487
1,1,2.13775,1e-06,0.032261492872308506,0.002633591254901544,15.244,1.121,0.72,0.12,0.0,0.0,4.86,0.2,0.09841767639038196,0.010020757542785407,5990.0,110.0,1.42,0.1,0.98,0.24,0.39,0.39,4.39,0.07,2.4,0.8,7.5,0.6,0.0007014498106935081,0.00020779115854193935
2,1,1.80988198,6e-07,0.033,0.0002,20.781,0.8574999999999999,0.894,0.0135,0.0,0.0,4.08,0.04,0.10852,0.00084,6329.0,65.0,1.76,0.07,1.46,0.02,0.366,0.053,4.2,0.11,1.816,0.274,1.48,0.28,0.0005846215830905598,1.1919439643973386e-05
2,1,1.36002854,6.2e-07,0.02335,0.00043999999999999996,13.787,0.33599999999999997,1.667,0.066,0.0074,0.0059,5.332,0.069,0.13354,0.0007199999999999999,5617.0,72.0,0.91,0.025,0.9,0.065,-0.1,0.10500000000000001,4.48,0.01,6.2,3.75,7.5,0.6,0.0017684112619406735,0.00014565078222995983
1,1,2.17518,5e-06,0.04048074481573264,0.009813513894919135,21.633,5.044,1.11,0.54,0.0,0.0,3.54,0.21,0.08062025263202179,0.026733031731002603,6100.0,150.0,2.46,0.58,1.87,1.36,-0.35,0.35,4.1,0.2,2.4,0.8,7.5,0.6,0.0005667239335059405,0.0004958736362207246
1,1,3.662392,4e-06,0.0519,0.0008,17.15,0.448,0.85,0.08,0.0,0.0,7.407,0.109,0.1044,0.00048,6600.0,100.0,1.51,0.035,1.39,0.06,0.03,0.1,4.2,0.15,2.4,0.8,7.5,0.6,0.0005838406198118429,6.045327531222577e-05
1,1,3.06785234,8.1e-07,0.0344,0.0010500000000000002,11.198,0.3415,0.538,0.035500000000000004,0.002,0.006,12.63,0.10500000000000001,0.17137,0.00038,4143.0,93.0,0.59,0.02,0.58,0.05,-0.13,0.16,4.66,0.015,2.4,0.8,1.27,0.15500000000000003,0.0008856139803401469,9.614385592646857e-05
1,2,8.52349648,6e-07,0.0778,0.0021,10.72,0.27,0.692,0.058,0.010685061461662216,0.010685061461662216,21.78,0.20500000000000002,0.12793,0.00058,5280.0,80.0,0.77,0.02,0.85,0.04,0.05,0.08,4.8891484539831085,0.34269872099148346,2.4,0.8,7.5,0.6,0.0007772797444769763,7.471389812115685e-05
2,1,1.682795,1.9e-06,0.02946,0.00075,15.524,0.673,2.18,0.15,0.0,0.0,3.8864647073918577,0.17394198182116544,0.08731292576396109,0.004965625333146681,6450.0,120.0,1.63,0.06,1.2,0.09,0.05,0.08,3.5390212164102834,0.37193160244352175,2.4,0.8,9.9,0.6,0.0017344645550527906,0.00017653620149072664
2,2,3.95019,4e-06,0.058025911596832465,0.007412491701096075,17.71,1.457,0.5,0.13,0.0,0.0,8.44,0.84,0.10970321550528536,0.012671779823557244,6170.0,80.0,1.48,0.12,1.67,0.64,0.26,0.26,4.27,0.07,2.4,0.8,7.5,0.6,0.0002858536321023113,0.0001323807708798137
2,1,2.84938,8e-06,0.036055233651010904,0.006555497027803899,14.908,1.569,1.26,0.45,0.0,0.0,4.93,0.75,0.08705269952181234,0.012753274955611335,6900.0,120.0,1.57,0.16,0.77,0.42,-0.03,0.03,4.35,0.17,2.4,0.8,7.5,0.6,0.0015623200329082682,0.0010185939400621487
1,1,3.58572,4e-06,0.05141562405581076,0.003646498160187057,16.029,1.009,0.51,0.08,0.0,0.0,8.45,0.3,0.11217540463940433,0.009838165564788642,6380.0,120.0,1.31,0.08,1.41,0.3,0.2,0.2,4.31,0.08,2.4,0.8,7.5,0.6,0.00034533551554828153,9.128575362081527e-05
1,1,0.925542,1.9e-05,0.01985,0.00021,17.127,0.6725,1.49,0.088,0.010685061461662216,0.010685061461662216,2.978,0.07300000000000001,0.1093,0.0018,6110.0,160.0,1.44,0.04,1.22,0.04,0.06,0.13,4.22,0.08499999999999999,4.0,1.0,10.6,0.9,0.0011660485127216083,7.876751357365992e-05
1,1,7.87288,1e-05,0.075,0.003,10.761,0.336,1.8,0.1,0.0,0.0,17.9,0.2,0.10961566767284749,0.005006497824399711,5070.0,130.0,0.9,0.03,0.89,0.09,0.28,0.16,4.2,0.2,2.4,0.8,1.7,1.9,0.001930957344043927,0.000222792661094337
1,1,9.28971,1e-05,0.08442419186490557,0.024207653581410745,11.433,3.363,1.62,0.94,0.0,0.0,13.79,0.44,0.0800113170654632,0.0330542265534184,6055.0,136.0,1.31,0.38,0.93,0.8,-0.09,0.09,4.23,0.02,2.4,0.8,7.5,0.6,0.0016631148737410596,0.0017256821809502815
1,2,5.7214742,5.7214742,0.055057027241187335,0.03670865354508106,5.531588927822266,0.28810358999074304,0.096,0.005,0.06,0.04,17.670447407811366,11.793374001367114,0.07568984354134978,0.004543749418778985,4425.0,70.0,0.67,0.02,0.68,0.02,0.02,0.09,4.63,0.01,3.4,0.7,7.5,0.6,0.00013478839499600744,8.062245360168186e-06
1,1,10.02165,0.00055,0.09903618042985723,0.007677224144238315,11.882,0.785,0.3,0.05,0.3,0.02,17.43,0.98,0.08928782191306314,0.007353904120980901,6040.0,90.0,1.22,0.06,1.29,0.3,-0.11,0.11,4.28,0.16,2.4,0.8,7.5,0.6,0.0002220351467957487,6.352730386513081e-05
1,1,3.6112706,4.3e-06,0.0514,0.0007,16.511,1.076,4.85,0.21,0.057,0.019999999999999997,5.9,0.33,0.08094579306496208,0.00710626794839667,6450.0,120.0,1.87,0.11,1.39,0.06,-0.05,0.07,4.04,0.05,2.6,0.5,15.1,1.2,0.003331325889514633,0.00020367614022082838
1,1,1.27492504,1.45e-07,0.02596,0.00053,19.649,0.404,1.157,0.07,0.0,0.0,3.8131,0.00675,0.12355,0.00031,6586.0,59.0,1.46,0.03,1.36,0.07500000000000001,0.05,0.08,3.813666036929728,0.2622868136228753,2.4,0.8,7.5,0.6,0.0008122404844290658,6.649271166497782e-05
2,1,4.17806203,7.05e-07,0.0484,0.001155,14.695,0.3025,0.1647,0.019299999999999998,0.0,0.0,7.81,0.1,0.10103,0.000365,5750.0,100.0,1.33,0.03,0.95,0.02,0.05,0.08,3.844365720821523,0.1913851901053581,2.4,0.8,7.5,0.6,0.00016552369611812337,1.9707062270276903e-05
1,1,5.322023,5e-06,0.0607,0.0009,13.675,0.56,0.27,0.02,0.0,0.0,8.53113570664239,0.30614842902441813,0.08194046340686627,0.004293023627202891,6030.0,90.0,1.53,0.05,1.06,0.06,-0.18,0.08,4.09,0.03,4.5,3.5,3.0,0.9,0.00024319132587723047,2.2671583104361844e-05
1,2,8.803809,4.3e-05,0.08215,0.00118,8.474,0.16849999999999998,0.287,0.019,0.208,0.0225,19.33,0.41500000000000004,0.08498,0.00072,5555.0,90.0,0.91,0.01,0.95,0.04,0.099,0.078,4.5,0.025,3.6,3.35,7.5,0.6,0.0002884353417480352,2.2629898690094425e-05
1,1,3.8361623,1.5e-06,0.0458,0.0008500000000000001,6.028,0.124,0.13152,0.00912,0.0,0.0,11.86579868417179,0.2625517169615553,0.06684,0.00079,4987.0,56.5,0.83,0.01,0.87,0.03,0.305,0.058499999999999996,4.54,0.02,5.6,3.55,7.5,0.6,0.0001443320330784834,1.1177601761281006e-05
1,1,5.44354,4e-06,0.0641,0.0011,7.062,0.336,0.101,0.005,0.0,0.0,11.3,0.6,0.053067715733887556,0.0036313314786490455,6050.0,50.0,1.22,0.06,1.19,0.06,0.19,0.05,4.34,0.05,2.1,0.9,5.1,0.3,8.103349937259973e-05,5.725883185302681e-06
1,1,2.0219596,6e-07,0.0365,0.0006,17.71,0.56,8.0,8.0,0.010685061461662216,0.010685061461662216,4.384796310616774,0.14211542600944177,0.09070433460772198,0.0038269379885442524,7000.0,250.0,1.79,0.05,1.59,0.08,0.1,0.1,4.13,0.02,1.29,0.315,49.94,0.04,0.004803779276587268,0.004809855925925382
1,1,4.2337005,1.8e-06,0.05503,0.00056,16.107,0.56,0.33,0.091,0.0,0.0,8.789,0.088,0.1098,0.003,6399.0,68.0,1.35,0.02,1.24,0.04,0.06,0.06,4.27,0.01,2.2,0.52,16.24,0.53,0.0002540869945993286,7.054418865699844e-05
2,1,3.409264,1e-06,0.048,0.001,13.899,0.448,0.9,0.1,0.0,0.0,8.673689398139592,0.4731909867537105,0.10707771750356028,0.006407802636127831,6600.0,200.0,1.19,0.06,1.3,0.1,0.1,0.2,4.42,0.01,1.2,1.0,19.9,0.6,0.0006609815523842673,8.932509388411044e-05
1,1,5.367753,4e-06,0.0663,0.0008,12.89,1.009,1.0,0.1,0.0,0.0,8.910521776627856,0.5671914344371187,0.07385764338076757,0.0073981818314455515,6400.0,100.0,1.6,0.1,1.35,0.05,-0.02,0.05,4.17,0.04,2.4,0.8,13.3,0.6,0.0007072230601642365,7.541711488036947e-05
1,1,3.19154,0.00014,0.03538186196985915,0.0028468166683711634,15.805,1.345,7.29,1.19,0.29,0.0,4.95,0.18,0.0940884449746028,0.010453557187483298,6429.0,50.0,1.54,0.11,0.58,0.14,-0.18,0.18,3.95,0.06,2.4,0.8,7.5,0.6,0.012000234045872991,0.003496794718135487
1,1,4.12508,4e-06,0.051966520252125024,0.003464434683637878,14.011,0.897,1.42,0.19,0.0,0.0,7.68,0.11,0.08858570430179477,0.007899173437558213,6397.0,70.0,1.45,0.09,1.1,0.22,-0.04,0.04,4.18,0.03,2.4,0.8,7.5,0.6,0.0012324969148498558,0.0002965767490988122
1,1,3.7650007,8.1e-06,0.0815,0.0077,23.203,2.466,4.4,4.4,0.0,0.0,9.08,0.17,0.11,0.006,6720.0,100.0,1.93,0.18,1.47,0.06,-0.07,0.1,4.04,0.1,1.88,0.55,48.0,3.0,0.002857758488010589,0.002860137970927423
1,1,1.744579,8e-06,0.0338,0.0003,16.477,1.121,19.7,1.6,0.0,0.0,4.67,0.43500000000000005,0.095,0.002,7000.0,200.0,1.56,0.1,1.68,0.1,0.35,0.1,4.27,0.05,0.27,0.12,40.0,10.0,0.011195593622064211,0.001127340795923506
1,1,4.375021,1e-05,0.05036,0.000265,6.882,0.191,0.074,0.011,0.0,0.0,9.81,0.14,0.057,0.0012,5732.0,25.0,1.1,0.02,0.89,0.015,-0.102,0.043,4.3,0.01,11.89,0.6,3.1,0.27,7.938380192180589e-05,1.1875900552305593e-05
1,2,6.134989,1.3e-06,0.0701,0.0004,12.554,1.009,2.182,0.033,0.301,0.006,7.46,0.125,0.05541,0.00021,5788.0,51.0,2.03,0.16,1.22,0.02,0.22,0.02,3.99,0.12,5.25,0.35,3.23,0.77,0.0017075958756768788,3.8086373337487445e-05
1,6,8.8803256,4.7e-06,0.0804,0.0024000000000000002,3.41,0.075,0.03146,0.0022,0.031,0.010499999999999999,18.36,0.41500000000000004,0.03319,0.000245,5348.0,100.0,0.94,0.02,0.81,0.04,-0.15,0.06,4.3,0.1,8.7,8.7,2.0,2.0,3.708206245461148e-05,3.174551017140107e-06
1,1,28.380619,0.0005395,0.1796,0.0015,9.11,0.17,0.20071669478052437,0.003745536565608029,0.20500000000000002,0.0925482657157258,47.25,1.355,0.0951,0.0009499999999999999,5370.0,68.0,0.88,0.01,0.96,0.02,0.24,0.05,4.54,0.02,2.4,0.8,7.5,0.6,0.0001996192618716565,5.583110925292579e-06
1,1,12.4551225,3.1e-06,0.1016,0.00185,8.676,0.28,0.26,0.020999999999999998,0.0697,0.0405,26.62,0.535,0.09679,0.000565,5282.0,39.5,0.82,0.025,0.9,0.05,0.098,0.0675,4.57,0.015,1.8,1.75,1.9,0.5,0.0002758169934640523,2.7038631767420467e-05
2,1,2.8717518,2.8e-06,0.0455,0.00068,17.598,0.4375,1.18,0.11,0.0,0.0,5.138,0.057999999999999996,0.08462,0.00091,6670.0,120.0,1.91,0.04,1.52,0.07,0.09,0.13,4.06,0.01,1.9,0.2,12.3,0.3,0.0007411883781852822,7.70653319722917e-05
2,1,5.55149296,5.149999999999999e-07,0.0665,0.0011,12.711,0.297,4.59,0.18,0.0319,0.0076500000000000005,10.67,0.155,0.08702,0.000105,6426.0,92.0,1.34,0.03,1.27,0.06,0.138,0.08399999999999999,4.29,0.01,1.98,0.87,19.74,0.14,0.0034506359781950333,0.00021186664692131354
1,1,4.511164,6.1e-05,0.063,0.0027,17.878,0.5155000000000001,0.74,0.125,0.0,0.0,7.96895213454075,0.4014190455452138,0.09619,0.00101,6478.0,91.5,1.7,0.045,1.64,0.20500000000000002,-0.06,0.09,4.2,0.045,2.17,0.37,15.2,0.8,0.0004308023396976052,9.052857976376012e-05
1,1,6.9839095,5.1e-06,0.0723,0.0013,12.229,0.29700000000000004,6.01,0.235,0.151,0.0115,12.61,0.30000000000000004,0.09097,0.00053,5925.0,80.5,1.23,0.03,1.03,0.06,-0.069,0.07200000000000001,4.27,0.025,6.8,2.25,4.08,0.5,0.005570926503536441,0.00039085012036180823
1,1,11.2366,0.00011,0.1038,0.0017,13.115,0.336,1.236,0.068,0.435,0.024,17.4380120741699,0.49860024742187664,0.0942,0.0010999999999999998,6295.0,77.0,1.28,0.03,1.18,0.06,0.0,0.05,4.29,0.03,2.92,0.765,7.8,0.19,0.0010000613543983436,7.491950905539279e-05
3,2,10.156272,3.5499999999999996e-05,0.08598,0.000245,4.67,0.32,0.07416231315006432,0.005081785911781709,0.32,0.195,20.773851572985254,1.2851413651386094,0.0479,0.0015,4928.0,105.0,0.89,0.055,0.82,0.01,0.05,0.08,4.58388148489562,0.5692983348528434,0.053,0.0215,14.24,0.52,8.634945411468697e-05,6.00985488960305e-06
1,1,1.902603,1.1e-05,0.0389,0.0011,21.017,0.594,2.3,2.3,0.01,0.01,4.291,0.059,0.0988,0.00135,7300.0,100.0,1.95,0.05,1.79,0.26,-0.1,0.12,4.1,0.2,2.4,0.8,85.1,6.3,0.001226775196541874,0.0012396488808763156
1,1,63.48347,0.0001,0.337,0.039999999999999994,9.752,0.785,0.2221522504520827,0.017882436075152268,0.57,0.14,53.7,4.35,0.066,0.00045,6341.0,69.0,1.36,0.11,1.29,0.06,0.12,0.055,4.29,0.07,1.41,1.165,12.49,0.33,0.00016441869180044706,1.528562227377762e-05
1,1,8.8720982,7.7e-06,0.0892,0.0020499999999999997,11.893,0.3585,3.6,0.33,0.394,0.036500000000000005,13.12,0.48,0.07469,0.00047999999999999996,5977.0,78.5,1.46,0.04,1.2,0.08,0.15,0.10500000000000001,4.19,0.04,4.5,1.9,7.5,0.6,0.002864253393665159,0.00032465048386235064
1,1,7.18585,1e-05,0.073,0.0007,11.209,0.28,0.64,0.04,0.0,0.0,14.3,0.25,0.092,0.001,5831.0,80.0,1.12,0.02,1.01,0.03,0.06,0.05,4.34,0.03,6.7,1.65,2.2,0.5,0.0006049908158236639,4.186482435062361e-05
2,1,2.6556777,4.4e-07,0.039,0.001,13.899,0.336,1.265,0.065,0.0,0.0,8.921673868964062,0.29726124647298635,0.13555583386089015,0.004365434971860355,6112.0,27.0,0.94,0.02,1.09,0.08,0.05,0.08,4.598177305376799,0.3901012453126018,2.4,0.8,7.5,0.6,0.001108036863298601,9.927296520148575e-05
1,1,1.7100566,2.9e-06,0.03005,0.00031,19.537,0.527,1.284,0.032,0.0,0.0,4.248,0.072,0.11783567667551803,0.00393854068574413,5720.0,130.0,1.52,0.03,1.24,0.04,0.32,0.09,4.17,0.02,5.11,0.8,3.3,0.8,0.0009886293971682967,4.0300379790114624e-05
1,1,11.55098,1e-05,0.1012,0.0014,9.976,0.336,1.23,0.04,0.0,0.0,22.668295721335824,0.7746927248236086,0.0952681471898807,0.004377113740362488,5625.0,90.0,0.96,0.03,1.04,0.04,0.26,0.1,4.49,0.02,2.0,2.0,0.5,0.5,0.0011291768186564566,5.687354927417331e-05
2,1,5.924262,4e-06,0.062,0.002,8.967,0.56,0.117,0.017,0.0,0.0,16.665229265487998,0.9916277365086347,0.10275895860284605,0.00822081535517499,5310.0,90.0,0.8,0.04,0.92,0.1,0.2,0.09,4.59,0.06,0.5,0.5,4.2,1.1,0.00012141943734015346,2.2032387964148165e-05
1,1,3.3448285,1.2e-06,0.0558,0.001,20.288,1.009,1.66,0.12,0.0,0.0,7.17,0.21,0.11137437414950177,0.007243975633245653,9360.0,150.0,1.67,0.07,2.07,0.11,0.21,0.16,4.31,0.04,2.4,0.8,8.2,0.6,0.0007656458346995432,6.869337577801549e-05
1,1,2.724033,2.724033,0.05053,0.00098,18.147,0.235,1.99,0.15000000000000002,0.0,0.0,4.6,0.028,0.07045,0.00014,8000.0,80.0,2.36,0.03,2.03,0.07,0.29,0.13,3.9,0.2,0.73,0.13,93.1,1.7,0.0009359383010498631,7.757983119370769e-05
