sy_snum,sy_pnum,pl_orbper,pl_orbper_err,pl_orbsmax,pl_orbsmax_err,pl_rade,pl_rade_err,pl_bmassj,pl_bmassj_err,pl_orbeccen,pl_orbeccen_err,pl_ratdor,pl_ratdor_err,pl_ratror,pl_ratror_err,st_teff,st_teff_err,st_rad,st_rad_err,st_mass,st_mass_err,st_met,st_met_err,st_logg,st_logg_err,st_age,st_age_err,st_vsin,st_vsin_err,Obliquity,Obliquity_err
2,5,0.7365474,1.35e-06,0.01544,5e-05,1.875,0.029,0.02514,0.0010249999999999999,0.05,0.03,3.52,0.01,0.0182,0.0002,5172.0,18.0,0.94,0.01,0.91,0.01,0.35,0.1,4.43,0.02,,,1.23,0.01,23.0,13.0
1,3,6.26791,0.00043,0.069,0.003,,,0.011,0.001,0.077,0.0625,,,,,5998.0,62.0,,,1.1,0.14,,,,,,,,,26.9,5.25
1,3,8.4629991,8.4629991,0.0645,0.0013,,,0.0633,0.005175,0.186,0.035500000000000004,,,,,3540.0,115.0,,,0.5,0.03,,,,,,,,,4.7,6.6
1,1,1.5089557,6.4e-06,,,16.7,0.9,1.03,0.12,0.0,0.0,4.92,0.08,0.1388,0.0021,5950.0,150.0,1.11,0.05,0.95,0.15,-0.3,0.25,4.25,0.3,,,5.2,1.0,77.0,11.0
2,1,1.7429935,1e-06,0.02798,0.0007800000000000001,16.432,0.482,3.47,0.22,0.0143,0.0076500000000000005,,,,,5625.0,120.0,0.91,0.03,0.96,0.08,,,,,2.7,2.95,10.87,0.32,7.2,4.5
1,1,4.2568,5e-06,,,11.32,0.78,21.66,1.0,0.0,0.0,7.8,0.4,0.0663,0.0009,6740.0,140.0,1.56,0.09,1.37,0.09,,,4.22,0.07,2.2,0.6,17.0,1.0,37.6,16.15
1,1,2.99433,1.1e-05,0.0436,0.005,16.03,0.34,2.33,0.34,0.0,0.0,6.89,0.08,0.107,0.0005,6440.0,120.0,1.37,0.03,1.27,0.05,-0.03,0.08,4.22,0.23,2.0,1.0,40.0,5.0,0.1,2.6
1,1,1.9000693,2.8e-06,0.0295,0.0016,14.68,2.02,3.47,0.38,0.08,0.08,6.35,0.4,0.1341,0.0019,5440.0,100.0,1.0,0.13,0.95,0.15,-0.1,0.1,4.4,0.1,,,8.0,1.0,20.0,20.0
1,1,3.89713,2e-05,0.0518,0.0008,14.46,0.34,1.11,0.06,0.047,0.045,6.7,0.1,0.0786,0.0004,6090.0,70.0,1.65,0.04,1.21,0.05,-0.02,0.1,4.07,0.03,5.0,1.0,6.0,1.0,52.0,24.5
1,1,5.616531,2.3e-05,0.066,0.007,15.805,1.569,0.68,0.44999999999999996,0.0,0.0,,,,,6730.0,140.0,1.52,0.15000000000000002,1.32,0.09,-0.1,0.1,4.16,0.06,2.1,0.55,25.6,0.3,84.19999999999999,11.3
2,1,8.138268,1.1e-05,,,5.7,0.17,,,0.0,0.0,20.35,0.49,0.05419,0.00024,5428.0,80.0,0.96,0.03,1.01,0.06,0.0,0.0,,,0.045,0.004,17.8,0.2,2.93,0.875
1,1,2.64388312,5.7e-07,0.0291,0.0015,4.17,0.168,0.07,0.007,0.13827,0.00018,13.73,0.445,0.0822,0.0010500000000000002,3416.0,54.0,0.46,0.02,0.47,0.07,,,4.79,0.045,,,,,103.0,12.5
1,1,3.3366496,3.6000000000000003e-06,0.0355,0.0019,4.57,0.18,0.04373,0.00472,,,13.98,0.24000000000000002,,,3600.0,100.0,0.55,0.02,0.54,0.045,0.2,0.1,4.7,0.05,,,,,97.0,13.5
2,1,4.46529976,5.5e-07,0.05561,0.000825,14.785,0.213,0.525,0.019,,,9.853,0.071,0.11802,0.00018,5980.0,49.0,1.17,0.03,1.15,0.05,0.13,0.008,4.36,0.01,,,,,3.7,2.1
1,2,5.6335158,3.6e-06,0.06814,0.00051,,,8.62,0.17,0.5172,0.0019,,,,,6290.0,60.0,1.39,0.09,1.33,0.03,0.18,0.18,,,1.44,0.47,,,0.2,12.35
2,1,2.8997,5.4e-05,,,10.536,0.785,0.65,0.11,0.0,0.0,10.05,0.5,,,5185.0,80.0,0.87,0.06,1.06,0.28,0.27,0.27,4.56,0.03,,,,,21.2,8.7
2,1,3.056536,3.056536,0.04438,0.001155,14.28,0.611,0.671,0.0385,0.0,0.0,6.04,0.105,0.082,0.00044,5860.0,80.0,,,,,,,,,,,,,4.9,11.9
1,1,3.85298,5e-06,,,16.589,1.681,1.32,0.3,0.0,0.0,7.73,0.34,,,6570.0,80.0,1.62,0.17,1.79,0.6,-0.13,0.13,4.22,0.03,,,,,165.0,6.0
2,1,2.20474,1.7e-05,,,16.926,2.354,1.84,0.53,0.0,0.0,4.13,0.15,,,6389.0,17.0,2.0,0.28,1.56,0.68,0.26,0.26,4.07,0.06,,,,,115.0,17.5
3,1,3.07634,4e-06,,,15.693,1.457,1.28,0.27,0.0,0.0,6.13,0.29,,,6200.0,80.0,1.57,0.15,1.27,0.41,0.01,0.01,4.15,0.03,,,,,17.0,10.35
1,1,3.92281072,1.02e-06,0.05287,0.00078,15.614,0.74,0.749,0.0635,0.084,0.0495,8.5,0.345,0.10696,0.000865,6350.0,150.0,1.34,0.065,1.28,0.06,0.12,0.2,4.29,0.035,,,,,16.0,8.0
1,2,4.88780244,4.88780244,0.05254,0.00065,4.36,0.06,0.07362,0.00472,0.218,0.0325,,,,,4780.0,50.0,0.68,0.01,0.81,0.025,0.31,0.05,,,6.5,5.0,1.5,1.5,104.9,8.85
1,1,3.2130598,2.1e-06,0.0384,0.0003,10.749,0.28,0.211,0.012,0.0,0.0,11.77,0.18,0.1406,0.0013,4650.0,60.0,0.7,0.015,0.73,0.02,-0.29,0.05,4.61,0.01,2.5,2.0,0.5,0.4,54.0,27.0
1,2,2.91625,1.5e-05,,,14.258,0.729,0.851,0.038,0.0133,0.0041,5.8928,0.25045,0.08389,0.00081,5653.0,90.0,,,,,,,,,,,1.66,0.37,1.9,8.6
2,1,4.62767,5e-06,,,15.917,1.345,3.44,0.63,0.11,0.01,8.9,0.36,,,6600.0,90.0,1.82,0.15,2.65,0.73,0.11,0.11,4.25,0.03,,,,,170.9,5.1
1,1,10.8635,2.7e-05,,,11.882,0.785,1.94,0.3,0.19,0.02,19.25,0.77,,,5568.0,90.0,1.07,0.07,1.0,0.23,0.22,0.22,4.38,0.03,,,,,13.0,6.0
3,1,2.77596,3e-06,0.0413,0.0004,14.448,0.74,4.193,0.094,0.036,0.004,7.17,0.28,0.1071,0.0014,6158.0,80.0,1.24,0.05,1.22,0.04,0.17,0.08,4.34,0.03,2.0,0.8,3.5,0.5,2.0,50.5
1,2,10.33852,9e-06,,,11.769,0.448,0.58,0.06,0.35,0.01,22.72,0.68,,,5246.0,80.0,0.87,0.04,0.99,0.15,0.0,0.0,4.53,0.02,,,,,27.5,6.7
1,1,5.508023,6e-06,0.0559,0.0007,11.153,0.583,0.197,0.013,0.084,0.048,16.04,0.75,0.1365,0.0015,4803.0,80.0,0.75,0.04,0.77,0.03,0.1,0.08,4.57,0.04,12.4,5.4,0.5,0.5,132.0,15.0
1,1,2.875317,4e-06,0.0361,0.0005,9.718,0.37,7.246,0.187,0.015,0.005,11.17,0.29,0.1284,0.0016,4595.0,80.0,0.69,0.02,0.76,0.03,0.35,0.08,4.63,0.02,6.7,4.75,2.1,0.5,36.0,11.0
1,1,4.12448,7e-06,,,12.442,1.793,4.87,1.57,0.23,0.02,9.65,0.74,,,5588.0,80.0,1.21,0.17,1.24,0.6,0.01,0.01,4.33,0.06,,,,,0.7,12.5
2,1,3.21222,9e-06,,,12.89,2.13,2.47,0.32,0.02,0.01,8.58,0.39,,,5302.0,80.0,1.11,0.05,1.13,0.22,0.24,0.24,4.36,0.04,,,,,24.0,18.0
1,1,1.212884,2e-06,0.0232,0.0002,15.334,1.009,2.09,0.111,0.106,0.044,4.14,0.23,0.1169,0.0012,5905.0,80.0,1.2,0.07,1.13,0.04,0.15,0.04,4.33,0.05,4.0,1.0,8.1,0.5,15.0,22.0
2,1,3.35524,7e-06,,,14.572,2.354,0.75,0.25,0.07,0.02,7.61,0.41,,,6373.0,80.0,1.38,0.22,1.37,0.69,-0.16,0.16,4.27,0.04,,,,,20.0,16.0
2,1,3.039577,5.5e-06,0.04,0.0008,11.43,0.7250000000000001,0.62,0.03,0.0,0.0,9.804,0.34,0.12,0.008,5316.0,104.7,0.86,0.045,0.92,0.11,0.3,0.03,4.53,0.07500000000000001,,,,,24.2,60.25
2,1,5.72319,4.9e-05,,,13.115,1.457,0.88,0.25,0.09,0.05,11.74,1.02,,,6087.0,88.0,1.3,0.14,1.45,0.6,0.21,0.21,4.34,0.06,,,,,26.0,16.0
2,1,2.8106,5e-06,,,16.141,1.681,0.83,0.18,0.04,0.02,7.43,0.34,,,6304.0,88.0,1.31,0.13,1.55,0.51,0.13,0.13,4.36,0.3,,,,,70.5,2.8499999999999996
2,1,2.1500082,1.3e-07,0.03397,0.000505,22.194,0.504,0.68,0.10500000000000001,0.159,0.0395,5.344,0.0395,0.14886,0.0005499999999999999,6001.0,88.0,1.37,0.03,1.13,0.05,-0.16,0.08,4.22,0.04,,,,,85.0,1.5
2,1,3.47447,1e-06,,,20.737,5.492,0.92,0.5,0.0,0.0,6.57,0.18,,,6446.0,88.0,1.79,0.48,1.82,1.45,0.05,0.05,4.15,0.01,,,,,5.9,4.1
1,1,5.452654,1.6e-05,0.06774,0.00075,13.417,1.244,3.33,0.20500000000000002,0.432,0.028,,,,,6442.0,88.0,1.53,0.12000000000000001,1.39,0.05,0.22,0.04,,,1.7,0.45,24.0,0.5,0.0,14.0
1,1,1.32734683,4.8e-07,0.0241,0.00047,14.314,0.224,1.8482,0.087,,,4.95,0.042,0.1199,0.0002,5620.0,40.0,1.04,0.01,1.03,0.03,,,,,,,,,0.0,31.5
2,1,2.69405,4e-06,,,22.978,5.604,1.19,0.6,0.0,0.0,5.45,0.18,,,6390.0,100.0,2.05,0.5,2.56,1.9,0.21,0.21,4.14,0.02,,,,,22.1,3.4
1,1,2.69155,6e-06,,,17.822,2.018,2.2,0.59,0.0,0.0,5.15,0.31,,,6820.0,52.0,2.06,0.23,2.22,0.83,0.07,0.07,4.1,0.04,,,,,97.7,1.8
1,1,2.79083,5e-06,,,16.926,1.233,2.31,0.44,,,6.37,0.11,,,6566.0,50.0,1.47,0.11,1.42,0.33,0.0,0.0,3.39,0.19,,,,,8.0,2.0
2,1,4.8101025,3.8e-07,0.06505,0.0017599999999999998,23.371,0.936,0.34,0.22,0.0,0.0,5.691,0.0905,0.0834,0.0017,6406.0,63.0,2.55,0.09,1.64,0.11,-0.08,0.05,3.85,0.015,1.24,0.245,35.8,1.1,2.2,0.4
1,1,4.7869491,1.95e-06,0.06555,0.000525,18.786,0.471,3.58,0.58,0.0,0.0,7.32,0.16999999999999998,0.08703,0.0007750000000000001,7394.0,480.0,1.93,0.045,1.65,0.045,-0.069,0.0665,4.11,0.045,1.27,0.36,77.44,0.56,30.3,6.699999999999999
1,1,2.74432452,7.35e-07,0.04739,0.000685,20.961,1.401,6.78,6.78,0.0,0.0,5.45,0.39,0.09887,0.00114,8450.0,615.0,1.86,0.105,1.89,0.01,-0.059,0.08149999999999999,4.18,0.06,0.6,0.29000000000000004,99.85,0.625,107.9,1.85
1,1,1.35413379,8e-08,0.02317,0.00044,12.576,0.269,1.37,0.16,,,,,,,5227.0,95.0,0.88,0.02,0.9,0.05,,,4.51,0.01,7.2,6.4,,,38.0,27.0
1,1,3.547851,5e-06,0.0485,0.0005,15.48,0.392,1.071,0.136,0.0,0.0,7.42,0.12,0.1011,0.0006,6351.0,76.0,1.4,0.03,1.21,0.04,-0.157,0.07,4.22,0.01,3.2,0.5,9.12,1.31,3.0,25.0
1,1,2.7667641,2.7e-06,0.03815,0.00032,11.646,0.303,1.071,0.07,0.142,0.142,8.8,0.16999999999999998,0.1145,0.0012,5346.0,60.0,0.93,0.015,0.97,0.02,0.33,0.06,4.48,0.02,4.9,1.7,3.8,1.2,76.0,4.5
1,1,1.8882378,1.5e-06,0.03632,0.0008049999999999999,15.513,0.8574999999999999,12.9,1.7000000000000002,0.18,0.18,4.17,0.14500000000000002,0.074,0.0028,7930.0,725.0,1.88,0.065,1.78,0.12,0.041,0.101,4.17,0.04,0.81,0.41500000000000004,40.61,0.33499999999999996,8.9,5.05
1,4,0.959641,1.1e-05,0.01796,0.00034,1.67,0.135,0.01564,0.00074,0.0,0.0,,,,,5261.0,60.0,0.88,0.01,0.84,0.045,0.04,0.05,,,7.8,4.3,,,29.5,8.3
1,4,29.8454,0.0012,0.1776,0.0034000000000000002,3.0,0.33,0.03502,0.0023899999999999998,0.06,0.06,,,,,5261.0,60.0,0.88,0.01,0.84,0.045,0.04,0.05,,,7.8,4.3,,,107.7,5.0
1,1,21.21663,0.00045,,,12.33,0.336,3.51,0.21,0.68,0.0,23.34,0.43,,,6040.0,24.0,1.55,0.04,1.41,0.12,0.19,0.19,4.2,0.06,,,,,10.0,5.1
1,3,7.1079384,6.6e-06,0.072,0.001,2.164,0.053000000000000005,0.11736,0.0302,0.0,0.0,,,0.02163,0.00043,5634.0,63.5,0.92,0.01,0.99,0.025,0.079,0.0535,4.51,0.015,1.5,1.3,,,8.0,39.0
2,1,111.4367,0.0004,,,11.994,0.336,4.38,0.74,0.93,0.0,98.38,7.32,,,5561.0,24.0,1.04,0.02,1.15,0.27,0.35,0.35,4.42,0.02,,,,,42.0,8.0
1,2,21.05704,0.00046,0.1536,0.0017,4.35,0.23,0.04782,0.01164,0.22,0.15,25.5,1.2,0.03086,0.001,6327.0,48.0,1.3,0.06,1.09,0.04,-0.311,0.079,4.25,0.04,4.48,0.96,12.71,0.4,2.7,2.6500000000000004
3,6,13.673694,2.4e-05,0.1039,0.0013,2.388,0.036,0.01982,0.01982,,,28.37,0.3,0.0278,0.0003,5266.0,64.0,0.79,0.01,0.8,0.04,-0.2,0.04,4.54,0.03,8.1,4.0,2.5,1.0,6.0,25.0
1,1,2.87589,2e-06,,,8.295,0.224,0.38,0.06,0.0,0.0,6.8,0.52,,,6179.0,15.0,1.41,0.03,1.42,0.33,0.32,0.32,4.37,0.04,,,,,12.0,7.0
2,1,2.21857567,1.5e-07,,,12.666,0.112,1.13,0.08,0.0,0.0,8.84,0.27,,,5052.0,16.0,0.75,0.01,0.79,0.08,-0.02,0.02,4.49,0.05,,,,,13.6,6.9
1,1,3.52474859,3.8e-07,,,15.581,0.224,0.73,0.04,0.0,0.0,8.81,0.19,,,6091.0,10.0,1.19,0.02,1.23,0.09,0.01,0.01,4.45,0.02,,,,,1.58,0.08
1,1,18.712024,2.3e-05,0.145,0.003,9.073,0.181,0.23314,0.017305,0.0,0.0,,,0.0657,0.00053,6128.0,83.5,1.27,0.02,1.16,0.03,0.043,0.062,4.3,0.02,2.9,0.8500000000000001,,,2.0,6.0
1,1,6.959503,1.55e-05,,,10.07,0.47,,,0.059,0.1195,11.7,0.255,0.0667,0.00115,5675.0,75.0,1.38,0.06,1.22,0.05,0.0,0.0,,,0.017,0.002,54.2,0.7,20.2,9.5
1,1,3.48456408,5.5e-07,0.0287,0.0012,3.44,0.12,0.07709,0.017145,0.428,0.0495,21.09,0.58,0.1075,0.0018,3207.0,58.0,0.29,0.01,0.26,0.01,0.15,0.03,4.94,0.03,0.73,0.051000000000000004,8.8,0.6,17.0,9.5
2,1,3.2588321,1.9e-06,0.04217,0.00024,13.339,0.224,0.73,0.04,0.066,0.022,10.51,0.15,0.14188,0.00062,5358.0,38.0,0.86,0.01,0.94,0.02,0.16,0.03,4.54,0.01,2.6,1.2,3.7,0.5,1.5,8.7
1,1,5.424865,3.3e-05,,,5.04,0.355,3.7,3.7,0.0,0.0,10.4,0.385,0.0432,0.0007999999999999999,3540.0,70.0,1.05,0.07,0.56,0.09,,,,,0.009,0.001,8.2,1.8,10.0,23.0
1,1,2.9956348,2e-07,0.0442,0.002,13.75,0.585,,,,,6.68,0.1,0.0887,0.0005,6168.0,61.0,1.42,0.055,1.16,0.04,0.01,0.035,4.2,0.03,,,,,1.0,9.5
1,5,1114.0,1114.0,,,,,,,,,,,0.0256,0.0006000000000000001,6226.0,43.0,1.34,0.03,1.17,0.07,,,,,,,,,57.0,22.0
1,1,8.2669928,6.8500000000000005e-06,0.0833,0.00775,3.59,0.09,,,,,18.48,1.71,0.0339,0.00075,5636.0,50.5,0.97,0.01,1.05,0.02,0.23,0.035,4.49,0.01,,,,,81.0,48.5
1,1,6.569188,3.1e-05,0.068,0.001,13.563,1.009,0.93,0.04,0.0,0.0,14.1,0.2,0.117,0.001,5585.0,120.0,1.06,0.065,0.96,0.05,0.1,0.1,4.4,0.2,9.8,4.0,3.6,1.0,0.5,9.7
1,1,11.168454,2.3e-05,0.10356,0.0007899999999999999,11.209,0.2355,0.398,0.037,0.258,0.025,19.25,0.29000000000000004,0.08868,0.00043000000000000004,6154.0,60.0,1.16,0.02,1.19,0.03,0.1,0.04,4.38,0.02,1.43,0.7849999999999999,4.16,0.282,11.1,6.6
1,1,11.8143,0.0002,0.1066,0.0013,7.398,0.325,0.11,0.0175,0.22,0.1125,13.11,0.37,0.0389,0.00115,5576.0,74.5,1.75,0.05,1.16,0.04,0.421,0.05,4.02,0.03,7.53,1.145,,,80.0,22.5
2,1,6.180235,1.4e-05,0.07229,0.000745,11.781,0.493,3.0,1.15,,,9.8,0.17,0.0681,0.00255,6202.0,51.0,1.59,0.03,1.32,0.04,0.141,0.0835,4.16,0.02,3.02,0.45,74.92,0.61,3.4,2.55
3,2,9.21165,0.000335,0.0923,0.0066,3.06,0.16,0.0343,0.0343,0.0,0.0,13.15,0.675,0.019,0.00028,6302.0,120.0,1.51,0.07,1.19,0.07500000000000001,-0.06,0.1,4.23,0.1,4.0,1.2000000000000002,6.5,1.0,173.0,49.0
3,2,48.36685,0.000405,0.305,0.017,11.276,0.56,0.774,0.047,0.0,0.0,43.5,1.2,0.06848,0.000445,6302.0,120.0,1.51,0.07,1.19,0.07500000000000001,-0.06,0.1,4.23,0.1,4.0,1.2000000000000002,6.5,1.0,124.0,6.0
1,1,1.217514,1.5e-05,0.02466,0.00016,12.442,0.303,27.23,0.49,0.0099,0.00845,,,,,6518.0,50.0,1.46,0.04,1.32,0.03,,,,,,,56.0,2.0,2.0,16.0
1,2,7.8457,0.0002,,,14.572,1.009,0.52,0.12,0.22,0.11,10.83,0.89,,,6102.0,43.0,1.73,0.12,1.42,0.46,-0.28,0.28,4.07,0.06,,,,,36.0,11.0
1,1,2.73477,4e-06,,,17.934,0.673,1.39,0.22,0.0,0.0,5.5,0.17,,,6768.0,7.0,1.81,0.07,1.76,0.25,0.0,0.0,4.5,4.5,,,,,12.4,11.7
2,1,1.4811235,1.1e-06,0.03462,0.001015,21.196,0.639,2.88,0.84,0.0,0.0,3.153,0.011,0.08228,0.00043,10170.0,450.0,2.36,0.065,2.52,0.225,-0.03,0.2,4.09,0.01,0.3,0.3,111.4,1.27,87.47,0.185
1,1,4.1662739,6.3e-06,0.0525,0.000915,15.681,0.661,0.679,0.0385,,,9.34,0.265,0.119,0.0013,5948.0,74.0,1.21,0.045,1.11,0.06,0.09,0.10500000000000001,4.32,0.025,4.5,0.7,,,5.2,3.4
1,1,4.7361,3e-05,,,15.132,1.121,0.171,0.015,0.0007,0.00125,4.98,0.05,0.0514,0.0035,5375.0,25.0,2.69,0.04,1.44,0.07,0.17,0.07,3.7,0.1,,,,,77.9,2.3499999999999996
1,1,3.0801716,5.2500000000000006e-06,0.04881,0.0006299999999999999,17.094,0.7010000000000001,1.31,0.28500000000000003,,,6.38,0.18,0.09526,0.000865,7454.0,49.0,1.65,0.06,1.64,0.065,-0.018,0.073,4.22,0.02,0.65,0.15,44.2,1.4,116.0,4.0
2,1,4.6117093,8.8e-06,0.0637,0.0029,21.409,1.233,4.07,4.07,,,7.5,0.19,0.10713,0.00092,7500.0,110.0,1.83,0.1,1.62,0.225,-0.12,0.51,4.13,0.03,,,84.8,2.0,155.0,19.0
1,1,3.4741085,1.9e-06,0.0542,0.0017499999999999998,19.515,0.8009999999999999,3.382,3.382,,,7.42,0.13,0.1144,0.000615,8720.0,255.0,1.56,0.06,1.76,0.165,-0.29,0.29,4.29,0.02,0.6,0.6,117.4,2.9,5.0,11.0
1,1,3.6127647,3.3e-06,0.05224,0.00034500000000000004,17.777,0.4425,3.91,3.91,0.0,0.0,6.86,0.125,0.09952,0.0007199999999999999,7598.0,82.5,1.64,0.03,1.46,0.03,-0.405,0.0325,4.17,0.01,1.6,0.1,146.03,0.48,5.6,1.7999999999999998
1,1,3.5224991,7e-07,0.0474,0.00195,15.872,0.6445,0.59,0.125,,,6.854,0.0175,0.09575,0.00021,6213.0,150.0,1.49,0.055,1.21,0.065,-0.055,0.03,4.17,0.03,,,,,5.0,7.0
1,3,19.23891,6e-05,0.143,0.006500000000000001,8.29,0.485,0.13655,0.00566,0.0609,0.00115,31.3,1.3,0.0776,0.0017000000000000001,5774.0,60.0,0.96,0.02,1.02,0.035,0.05,0.07,4.49,0.025,2.0,1.65,,,13.0,16.0
3,1,1.763588,1e-06,0.03641,0.00087,16.948,0.392,9.28,0.16,0.00064,0.00014000000000000001,4.5007,0.00395,0.08737,2e-05,7650.0,250.0,1.74,0.04,1.72,0.1,0.2,0.2,4.2,0.5,,,,,60.25,0.05
1,1,1.4857108,2e-07,0.02591,0.000365,14.68,0.22,2.45,0.11,0.011,0.011,5.48,0.02,0.13031,0.0002,5781.0,85.0,1.01,1.01,1.04,1.04,0.26,0.1,4.45,4.45,,,,,0.0,15.0
2,3,12.7207,0.000105,,,5.217,0.0675,0.0479,0.0046,0.0061,0.0045000000000000005,,,0.03637,0.00012,6270.0,79.0,1.32,0.015,1.17,0.03,,,,,,,,,24.1,9.295
1,3,29.33434,0.00815,0.18,0.18,3.9,0.2,0.036,0.004,0.042,0.003,,,,,5498.0,54.0,0.95,0.12,0.99,0.08,0.18,0.27,4.77,0.23,2.0,0.8,,,4.0,10.0
1,1,9.4341505,1e-06,0.08,0.002,6.11,0.2,0.378,0.378,0.45,0.45,19.12,0.08,0.0622,0.001,5576.0,50.0,0.9,0.025,0.98,0.04,0.05,0.08,4.52,0.02,0.21,0.045,5.6,0.8,104.0,11.5
2,4,22.342989,6.7e-06,0.1684,0.0022,11.27,1.06,0.334,0.035,0.022,0.038,23.8,1.9,0.06802,8e-05,6182.0,58.0,1.52,0.14,1.28,0.05,0.023,0.002,4.18,0.07,3.16,0.39,7.3,0.5,6.0,12.0
1,1,2.46502,2.46502,,,0.82,0.03,0.01573,0.01573,,,,,0.00614,0.00614,6104.0,74.0,1.23,0.03,1.08,0.07,-0.2,0.1,4.29,0.03,6.68,6.68,3.1,3.1,48.0,4.5
2,1,86.647661,3.4e-05,0.382,0.006,10.54,1.35,1.45,0.35,0.772,0.045,,,,,5520.0,80.0,1.13,0.14,0.99,0.05,0.27,0.09,4.32,0.1,9.3,3.0,4.6,0.2,74.0,39.0
1,2,17.855182,7e-06,0.154,0.0035,13.787,0.6165,1.1,2.15,0.34,0.07500000000000001,,,,,6820.0,120.0,1.4,0.065,1.5,0.1,,,,,,,,,7.1,3.5
1,2,31.562,0.011,0.1974,0.0026,,,0.15,0.02,0.838,0.037,,,,,5731.0,60.0,1.1,0.13,1.03,0.04,,,,,6.31,2.5,2.8,1.0,35.0,18.5
1,1,2.14877381,8.750000000000001e-07,0.040352,4.75e-05,17.901,0.20750000000000002,,,0.00034,0.000285,4.1676,0.0049,0.07884,0.00021500000000000002,7490.0,150.0,2.08,0.02,1.9,0.065,0.15,0.15,,,0.8,0.2,101.7,3.85,72.1,2.45
2,1,2.82406,3e-05,0.047,0.004,17.15,0.6165,3.1,0.9,0.0,0.0,5.26,5.26,0.08,0.003,7800.0,200.0,1.92,0.11,1.75,0.05,0.0,0.0,4.1,0.05,0.8,0.8,45.66,1.015,109.66,0.14
1,1,1.4200242,2.2e-07,0.02332,0.0004,12.812,0.2855,1.294,0.0505,0.0,0.0,6.247,0.066,0.14629,0.000635,5013.0,90.5,0.8,0.02,0.84,0.04,0.171,0.0955,4.55,0.01,,,1.76,0.21,8.4,7.1
1,1,1.33711647,2.6e-07,0.02153,0.0002,14.056,0.146,2.494,0.054,0.0,0.0,,,0.1659,0.00044,4645.0,50.0,0.78,0.01,0.74,0.02,0.02,0.08,4.53,0.01,5.0,5.0,3.28,0.04,0.0,8.0
2,1,3.506195,1.8e-05,0.0423,0.0004,11.904,0.796,0.668,0.066,0.0,0.0,12.61,0.22,0.151,0.007,5052.0,66.0,0.72,0.02,0.82,0.02,-0.025,0.093,4.64,0.01,1.02,0.62,2.9,0.5,22.0,13.5
2,1,165.7719,0.00027499999999999996,0.641,0.011,13.294,0.4315,4.98,0.16999999999999998,0.9412,0.0009,,,0.0873,0.00195,6166.0,43.0,1.4,0.03,1.27,0.065,0.09,0.03,4.23,0.06,3.2,0.5,4.6,0.595,163.5,8.55
1,1,5.0037775,4.8e-06,0.06608,0.0010400000000000001,19.851,0.6505000000000001,0.88,0.16,0.05,0.0445,6.82,0.22999999999999998,0.08738,0.0008849999999999999,6460.0,140.0,2.08,0.06,1.54,0.07500000000000001,0.072,0.0805,3.99,0.035,1.99,0.47500000000000003,6.1,0.5,104.0,2.0
1,1,4.633611,1e-06,0.06,0.003,15.4,0.5,2.8,0.2,0.21,0.04,7.6,0.2,0.0825,0.0005,6643.0,150.0,1.71,0.05,1.4,0.05,0.0,0.1,4.05,0.17,1.95,0.135,39.9,4.4,18.0,11.0
2,1,3.2797178,1.4e-06,0.04435,0.00099,14.067,0.437,1.1,0.07500000000000001,0.15,0.15,,,,,5842.0,81.5,1.31,0.04,1.08,0.07500000000000001,0.153,0.091,4.24,0.04,6.8,2.7,5.8,0.25,99.3,3.75
3,2,4.32421,1.9e-05,0.04866,0.000145,3.89,0.24,,,0.34,0.12000000000000001,,,0.03995,0.0006399999999999999,4928.0,105.0,0.89,0.055,0.82,0.01,,,,,0.053,0.0215,14.24,0.52,2.0,30.0
1,6,12.5199,0.0004,0.1062,0.0008,,,0.02627,0.005345,0.042,0.004,,,,,5770.0,50.0,0.97,0.04,1.02,0.03,0.07,0.06,4.47,0.04,0.7,0.15,6.7,0.6,0.0,14.0
1,1,2.103189,4.000000000000001e-06,,,17.026,0.661,1.179,0.023,0.011,0.0075,3.976,0.0635,0.07947,0.000435,6054.0,81.0,1.96,0.03,1.47,0.02,0.38,0.06,4.02,0.02,2.7,0.2,10.6,1.0,2.0,15.5
1,1,8.1577094,4.5e-06,0.0711,0.00605,9.1,0.6,0.30331,0.025955,0.105,0.0395,16.62,0.905,0.091,0.001,5300.0,100.0,0.92,0.06,0.96,0.04,0.36,0.06,4.55,0.1,0.245,0.135,4.12,1.0,40.0,8.55
1,1,2.650237,3e-06,0.046,0.002,16.701,0.56,3.12,0.18,0.0022,0.0023,5.15,0.05,0.07955,0.00058,7690.0,325.0,1.92,0.07,1.9,0.09,0.09,0.03,4.15,0.04,0.29,0.255,6.0,0.2,155.0,15.0
1,1,10.180249,1.5e-05,0.0903,0.00155,11.882,0.4425,0.851,0.0495,0.024,0.0245,18.54,0.6499999999999999,0.104,0.0015,5597.0,82.5,1.05,0.03,0.95,0.05,0.078,0.069,4.37,0.035,9.1,3.5,4.3,0.5,6.2,5.7
1,2,40.74976,0.000116,0.249,0.005,11.063,0.28,0.63,0.08499999999999999,0.09,0.045,40.68,0.66,0.077,0.002,6170.0,61.0,1.32,0.02,1.21,0.02,0.09,0.07,4.29,0.11,2.53,0.43,9.2,0.6,0.3,2.2
1,1,9.5739181,9.9e-06,0.1,0.002,12.349,0.2865,0.28128,0.02454,0.276,0.064,,,0.05571,0.000745,6039.0,91.0,2.03,0.04,1.46,0.035,0.332,0.06,3.99,0.02,2.5,0.35,,,73.0,14.5
2,1,0.94667944,4.7e-07,0.01932,0.00037,13.978,0.6779999999999999,2.01,0.165,0.0,0.0,3.85,0.095,,,5814.0,92.0,1.08,0.025,1.07,0.06,0.196,0.084,4.4,0.03,3.6,2.7,,,4.0,3.5
1,3,10.355096,1.8e-05,0.088,0.002,2.771,0.119,0.05066,0.025955,0.0,0.0,,,0.03191,0.00092,5192.0,59.5,0.8,0.025,0.86,0.02,0.02,0.058499999999999996,4.57,0.03,2.7,2.75,,,18.0,9.5
1,1,0.67247414,1.55e-07,0.01791,0.00065,15.098,0.527,5.02,0.75,,,2.268,0.021,0.08155,0.00022,6540.0,160.0,1.7,0.06,1.45,0.07,0.068,0.066,4.14,0.045,1.77,0.78,81.2,1.6,1.7,1.7
1,1,18.09547,3e-05,0.153,0.0025,12.801,0.471,5.029,0.657,0.815,0.0275,,,,,6532.0,87.0,1.83,0.055,1.45,0.07,0.017,0.053000000000000005,4.07,0.03,2.14,0.5900000000000001,20.0,4.1,1.2,2.75
1,1,4.5445828,9.8e-06,0.0361,0.0008,6.43,0.2,0.10254,0.02311,0.06,0.05,25.9,0.835,0.197,0.002,3180.0,88.0,0.3,0.01,0.3,0.02,0.04,0.12,4.97,0.05,,,3.59,0.92,75.0,10.0
1,1,3.5819194,1.1e-06,0.04,0.001,13.675,0.448,2.48,0.09,0.041,0.015,13.694,0.151,0.1955,0.0008,3794.0,79.0,0.63,0.02,0.61,0.02,0.52,0.08,4.64,0.03,1.4,0.6499999999999999,,,21.3,12.65
1,1,3.25352,2e-05,,,16.69,0.886,1.113,0.071,0.018,0.0235,4.63,0.385,0.077,0.002,6020.0,100.0,1.98,0.04,1.37,0.07,0.16,0.06,3.93,0.03,4.51,0.8049999999999999,5.9,1.0,1.0,25.5
1,1,22.09341,4.9e-05,0.173,0.015,8.183,0.3025,3.87,3.87,0.074,0.074,21.53,0.515,0.042,0.0009,6560.0,320.0,1.72,0.04,1.41,0.065,-0.09,0.145,4.11,0.69,2.69,0.975,86.3,0.995,2.4,1.3
1,2,10.590547,1.15e-05,0.098,0.005,10.3,0.4,0.18469,0.017775,0.13,0.13,20.0,0.6,0.0899,0.00065,6000.0,75.0,1.05,0.01,1.15,0.01,0.09,0.06,4.44,0.1,0.65,0.15,7.5,0.6,13.2,8.2
1,1,5.7987,0.0004,,,14.392,1.098,1.635,0.032,0.091,0.016,7.17,0.35,0.056,0.00074,6223.0,100.0,2.34,0.06,1.55,0.06,0.37,0.06,3.89,0.02,2.31,0.385,10.4,1.0,14.0,15.0
1,7,1.510826,6e-06,0.01154,0.0001,1.116,0.013000000000000001,0.00432,0.00022,,,20.843,0.1245,0.0859,0.00037,2566.0,26.0,0.12,0.0,0.09,0.0,,,5.24,0.01,,,,,15.0,28.0
1,7,6.101013,3.5e-05,0.02925,0.0025,0.92,0.0125,0.00218,7e-05,,,52.855,0.3155,0.07079,0.00055,2566.0,26.0,0.12,0.0,0.09,0.0,,,5.24,0.01,,,,,9.0,48.0
1,7,9.20754,3.2e-05,0.03849,0.00033,1.045,0.0125,0.00327,0.0001,,,69.543,0.41500000000000004,0.0804,0.00047,2566.0,26.0,0.12,0.0,0.09,0.0,,,5.24,0.01,,,,,21.0,32.0
2,1,3.03007,8e-06,,,12.666,0.673,0.84,0.11,0.0,0.0,10.48,0.28,,,5230.0,50.0,0.85,0.05,1.04,0.19,0.02,0.02,4.57,0.01,,,,,30.0,21.0
2,1,2.47063,1e-05,,,15.244,0.897,1.49,0.22,0.0,0.0,7.64,0.3,,,5850.0,50.0,1.12,0.07,1.36,0.3,-0.15,0.15,4.43,0.02,,,,,9.0,12.0
2,1,3.55395,7.5e-05,,,18.046,2.018,0.78,0.19,0.0,0.0,6.04,0.23,,,6200.0,75.0,1.66,0.19,1.08,0.38,0.14,0.14,4.06,0.02,,,,,6.3,4.7
3,4,24.1396,0.0018,0.1688,0.0026,10.27,0.5549999999999999,,,0.29,0.29,27.0,1.1,0.07,0.0023,5050.0,100.0,1.34,0.055,1.1,0.05,,,,,0.023,0.004,,,8.0,5.5
3,4,8.24958,0.00072,0.0825,0.0013,5.59,0.33999999999999997,,,0.43,0.43,13.19,0.55,0.0381,0.0017,5050.0,100.0,1.34,0.055,1.1,0.05,,,,,0.023,0.004,,,4.9,15.05
2,1,2.5199454,5e-07,0.03889,0.0006299999999999999,16.623,0.325,0.854,0.0545,0.0,0.0,5.687,0.0475,0.10362,0.000745,6160.0,64.0,1.47,0.025,1.24,0.060000000000000005,,,,,3.4,0.8999999999999999,,,59.0,62.5
3,1,1.84683,2e-06,,,15.917,1.906,2.43,0.53,0.0,0.0,5.18,0.35,,,6400.0,100.0,1.44,0.12,1.62,0.53,0.0,0.0,4.25,0.05,,,,,5.0,5.5
1,1,1.33823147,2e-08,0.0226,0.00075,14.807,0.437,1.186,0.094,0.0,0.0,5.451,0.0375,0.15201,0.000365,5400.0,90.0,0.89,0.03,0.86,0.08499999999999999,-0.07,0.19,4.47,0.11,7.0,7.0,,,4.0,38.5
1,1,1.6284279,3.55e-06,0.0267,0.001,12.184,0.779,1.58,0.115,0.038,0.022,,,,,5700.0,100.0,1.03,0.065,0.96,0.11,0.09,0.09,4.39,0.04,5.4,4.35,3.5,1.0,12.1,9.0
1,1,3.36101,2.8e-06,,,11.545,1.121,0.37,0.08,0.05,0.02,10.62,0.41,,,5450.0,100.0,0.73,0.07,0.55,0.17,-0.2,0.2,4.6,0.2,,,,,7.2,3.7
1,1,4.9546416,3.5e-06,0.0617,0.0011,14.908,1.042,0.96,0.13,,,9.074,0.504,0.0956,0.0016,6400.0,100.0,1.43,0.09,1.28,0.07,0.0,0.1,4.23,0.05,2.4,1.0,,,86.0,6.0
2,2,8.15872,1.5e-05,,,12.666,0.56,2.54,0.33,0.31,0.0,18.28,0.91,,,5600.0,80.0,1.03,0.04,1.34,0.26,0.17,0.17,4.5,0.1,,,,,143.0,1.55
3,1,3.72247,7e-06,,,12.442,1.121,0.79,0.17,0.0,0.0,12.71,0.64,,,4800.0,100.0,0.89,0.08,1.42,0.43,0.0,0.0,4.45,0.2,,,,,7.0,5.0
3,1,1.09142,1.4e-07,0.0232,0.00064,21.712,0.628,1.465,0.079,,,3.0,0.00895,0.117,0.0002,6360.0,140.0,1.66,0.05,1.43,0.11,,,,,,,,,59.0,17.5
1,1,4.35301,3e-06,,,13.675,1.569,0.36,0.09,0.0,0.0,7.35,0.26,,,5950.0,70.0,1.37,0.15,0.72,0.25,0.0,0.0,4.06,0.1,,,,,8.0,12.5
3,1,2.24375,1e-05,,,15.468,0.897,8.84,1.4,0.09,0.0,6.05,0.34,,,6475.0,100.0,1.4,0.08,1.62,0.39,0.0,0.0,4.07,0.2,,,,,33.1,7.4
1,1,3.7521,1e-05,,,15.805,4.035,0.54,0.29,0.0,0.0,7.29,0.38,,,6300.0,100.0,1.48,0.38,1.18,0.93,-0.17,0.17,4.35,0.15,,,,,139.6,4.75
1,1,3.1186,1.4e-05,,,13.675,1.121,1.24,0.25,0.0,0.0,9.52,0.57,,,5700.0,150.0,1.14,0.09,1.78,0.54,0.01,0.01,4.49,0.04,,,,,4.2,12.45
1,1,3.73543,8e-06,,,20.961,2.69,0.78,0.23,0.0,0.0,8.97,0.62,,,6550.0,100.0,1.49,0.19,2.28,0.99,-0.25,0.25,4.2,0.2,,,,,148.5,4.800000000000001
2,2,0.94145223,2.4e-07,0.02024,0.00030000000000000003,13.899,0.886,10.2,0.35,0.0051,0.005350000000000001,3.48,0.165,0.1018,0.0011,6432.0,48.0,1.32,0.06,1.29,0.06,0.107,0.08,4.31,0.035,1.57,1.17,,,4.0,5.0
1,1,0.78883852,7.85e-07,0.01652,0.00053,15.861,0.5155000000000001,1.154,0.079,0.0126,0.01145,3.533,0.05,0.1441,0.000495,5616.0,65.5,1.01,0.03,0.96,0.095,0.04,0.275,4.42,0.02,6.4,3.8,,,1.9,1.1
2,1,4.8996284,3.3e-06,0.06,0.00069,16.388,0.661,0.311,0.017,0.0,0.0,9.28,0.23,,,5940.0,100.0,1.39,0.04,1.2,0.04,-0.008,0.06,4.23,0.02,7.0,1.5,4.75,0.51,12.7,4.2
1,1,4.322482,2.15e-05,0.052,0.00042500000000000003,11.99,0.56,0.3,0.011,0.0,0.0,,,,,5924.0,55.0,,,,,,,,,,,1.5,0.6,8.0,26.5
1,1,3.53269,1e-05,,,13.787,1.569,0.67,0.19,0.02,0.01,8.94,0.85,,,6000.0,100.0,1.24,0.13,1.46,0.63,-0.05,0.05,4.5,0.2,,,,,22.0,16.0
3,1,2.34121,2e-06,,,15.468,1.793,1.24,0.29,0.0,0.0,5.91,0.17,,,6075.0,100.0,1.42,0.16,1.43,0.5,0.0,0.0,4.26,0.17,,,,,4.7,4.0
1,1,3.76483,5e-06,,,11.994,1.121,0.44,0.1,0.0,0.0,11.1,0.52,,,5750.0,100.0,0.8,0.08,0.67,0.22,-0.05,0.05,4.5,0.15,,,,,14.6,6.7
2,1,2.7566,1e-05,,,13.563,1.681,0.85,0.23,0.0,0.0,6.43,0.31,,,6034.0,31.0,1.22,0.15,0.86,0.34,0.16,0.16,4.44,0.06,,,,,34.0,31.0
1,1,3.40883495,1.5e-07,0.0442,0.001,13.664,0.314,0.889,0.058,0.0,0.0,,,,,6084.0,45.0,1.08,0.03,0.99,0.07,,,,,5.5,2.6,,,8.0,18.0
1,1,3.4059096,5e-06,0.04659,0.00035,17.363,0.56,0.478,0.029,0.0,0.0,,,,,6302.0,102.0,1.25,0.03,1.16,0.03,,,,,,,7.9,0.6,2.8,3.1
1,1,2.71866,2e-06,,,10.761,1.681,2.63,0.82,0.0,0.0,7.72,0.25,,,6140.0,95.0,0.95,0.15,0.72,0.34,-0.13,0.13,4.4,0.02,,,,,10.5,6.45
2,1,1.21987,1e-06,0.0239,0.00063,17.856,0.829,2.093,0.139,,,3.571,0.01,0.1118,0.0002,7430.0,100.0,1.44,0.03,1.5,0.03,,,,,,,,,108.19,0.96
1,1,6.87188,1e-05,,,13.787,0.673,3.44,0.36,0.03,0.0,12.11,0.27,,,6180.0,50.0,1.52,0.07,1.76,0.28,-0.02,0.02,4.25,0.01,,,,,7.5,5.4
1,1,4.055259,9e-06,0.0486,0.0005,14.235,0.448,0.28,0.03,0.0,0.0,,,,,5400.0,150.0,0.9,0.02,0.93,0.03,,,,,,,1.4,0.6,0.0,11.0
1,2,3.0524,1e-06,,,12.33,0.56,0.85,0.11,0.0,0.0,9.96,0.42,,,5545.0,33.0,0.83,0.04,0.81,0.15,0.06,0.06,4.53,0.05,,,,,6.0,11.0
1,1,0.813475,1e-06,0.0142,0.0004,10.424,0.897,1.78,0.1,0.0,0.0,,,,,4400.0,200.0,0.6,0.035,0.58,0.05,,,,,,,4.0,0.4,0.0,10.0
1,4,4.159151,4e-07,,,12.86,0.1,1.17674,0.051915,0.0006,0.00035,,,,,5576.0,67.0,1.16,0.01,1.06,0.05,,,,,,,,,29.0,12.0
2,1,2.78174,6e-06,,,12.442,1.233,0.37,0.08,0.0,0.0,8.37,0.37,,,5600.0,150.0,0.97,0.09,0.92,0.3,-0.23,0.23,4.5,0.1,,,,,54.0,68.5
1,1,1.7497798,1.2e-06,0.0272,0.0003,14.24,0.34,0.46,0.02,0.0,0.0,7.3801,0.10895,,,5000.0,100.0,0.79,0.02,0.87,0.03,0.03,0.12,4.58,0.01,0.4,0.25,3.6,0.9,0.6,0.935
1,2,3.3098443,2e-06,0.04101,0.00087,12.038,0.415,2.132,0.093,0.03,0.03,11.05,0.195,,,4953.0,60.0,0.8,0.02,0.84,0.05,0.22,0.11,4.55,0.02,,,0.86,0.21,1.0,12.0
1,1,4.305,6e-06,,,9.864,1.345,0.55,0.19,0.0,0.0,10.04,1.16,,,5900.0,100.0,1.17,0.15,1.19,0.61,-0.04,0.04,4.2,0.1,,,,,129.0,17.0
1,1,3.8559,3e-06,,,15.805,2.466,2.68,0.84,0.0,0.0,8.15,0.24,,,6250.0,150.0,1.55,0.24,1.82,0.85,-0.1,0.1,4.26,0.01,,,,,4.0,17.75
1,1,4.41195,3e-06,,,14.796,0.897,0.52,0.08,0.0,0.0,9.55,0.41,,,6230.0,80.0,1.23,0.08,1.11,0.25,0.04,0.04,4.45,0.1,,,,,19.4,5.0
1,1,4.08605,7e-06,,,15.693,3.139,2.35,0.98,0.0,0.0,6.73,0.37,,,6600.0,150.0,1.76,0.35,1.33,0.83,-0.31,0.31,4.3,0.2,,,,,4.0,22.0
1,1,3.86814,2e-06,,,12.442,0.448,0.29,0.03,0.0,0.0,12.0,0.46,,,4700.0,50.0,0.86,0.03,0.98,0.14,0.15,0.15,4.5,0.15,,,,,0.4,1.95
1,1,2.90367,7e-06,,,13.227,1.345,1.39,0.33,0.0,0.0,4.3,0.27,,,6050.0,100.0,1.82,0.19,0.76,0.27,0.15,0.15,3.9,0.05,,,,,1.9,7.3
1,1,2.21673,2e-06,,,14.46,2.018,2.3,0.7,0.0,0.0,4.61,0.35,,,6250.0,100.0,2.18,0.29,2.78,1.28,-0.06,0.06,4.09,0.05,,,,,7.0,11.5
1,1,2.13775,1e-06,,,15.244,1.121,0.72,0.12,0.0,0.0,4.86,0.2,,,5990.0,110.0,1.42,0.1,0.98,0.24,0.39,0.39,4.39,0.07,,,,,0.77,0.99
2,1,1.80988198,6e-07,0.033,0.0002,20.781,0.8574999999999999,0.894,0.0135,0.0,0.0,4.08,0.04,0.10852,0.00084,6329.0,65.0,1.76,0.07,1.46,0.02,0.366,0.053,4.2,0.11,1.816,0.274,1.48,0.28,61.3,6.35
2,1,1.36002854,6.2e-07,0.02335,0.00043999999999999996,13.787,0.33599999999999997,1.667,0.066,0.0074,0.0059,5.332,0.069,0.13354,0.0007199999999999999,5617.0,72.0,0.91,0.025,0.9,0.065,-0.1,0.10500000000000001,4.48,0.01,6.2,3.75,,,8.0,18.5
1,1,2.17518,5e-06,,,21.633,5.044,1.11,0.54,0.0,0.0,3.54,0.21,,,6100.0,150.0,2.46,0.58,1.87,1.36,-0.35,0.35,4.1,0.2,,,,,6.4,5.9
1,1,3.662392,4e-06,0.0519,0.0008,17.15,0.448,0.85,0.08,0.0,0.0,7.407,0.109,0.1044,0.00048,6600.0,100.0,1.51,0.035,1.39,0.06,0.03,0.1,4.2,0.15,,,,,99.1,4.0
1,1,3.06785234,8.1e-07,0.0344,0.0010500000000000002,11.198,0.3415,0.538,0.035500000000000004,0.002,0.006,12.63,0.10500000000000001,0.17137,0.00038,4143.0,93.0,0.59,0.02,0.58,0.05,-0.13,0.16,4.66,0.015,,,1.27,0.15500000000000003,14.0,14.0
1,2,8.52349648,6e-07,0.0778,0.0021,10.72,0.27,0.692,0.058,,,21.78,0.20500000000000002,0.12793,0.00058,5280.0,80.0,0.77,0.02,0.85,0.04,,,,,,,,,17.3,7.7
2,1,1.682795,1.9e-06,0.02946,0.00075,15.524,0.673,2.18,0.15,0.0,0.0,,,,,6450.0,120.0,1.63,0.06,1.2,0.09,,,,,,,9.9,0.6,8.0,11.0
2,2,3.95019,4e-06,,,17.71,1.457,0.5,0.13,0.0,0.0,8.44,0.84,,,6170.0,80.0,1.48,0.12,1.67,0.64,0.26,0.26,4.27,0.07,,,,,123.0,3.0
2,1,2.84938,8e-06,,,14.908,1.569,1.26,0.45,0.0,0.0,4.93,0.75,,,6900.0,120.0,1.57,0.16,0.77,0.42,-0.03,0.03,4.35,0.17,,,,,79.0,14.5
1,1,3.58572,4e-06,,,16.029,1.009,0.51,0.08,0.0,0.0,8.45,0.3,,,6380.0,120.0,1.31,0.08,1.41,0.3,0.2,0.2,4.31,0.08,,,,,34.0,3.0
1,1,0.925542,1.9e-05,0.01985,0.00021,17.127,0.6725,1.49,0.088,,,2.978,0.07300000000000001,0.1093,0.0018,6110.0,160.0,1.44,0.04,1.22,0.04,0.06,0.13,4.22,0.08499999999999999,4.0,1.0,10.6,0.9,2.0,35.5
1,1,7.87288,1e-05,0.075,0.003,10.761,0.336,1.8,0.1,0.0,0.0,17.9,0.2,,,5070.0,130.0,0.9,0.03,0.89,0.09,0.28,0.16,4.2,0.2,,,1.7,1.9,14.0,26.0
1,1,9.28971,1e-05,,,11.433,3.363,1.62,0.94,0.0,0.0,13.79,0.44,,,6055.0,136.0,1.31,0.38,0.93,0.8,-0.09,0.09,4.23,0.02,,,,,1.0,11.0
1,2,5.7214742,5.7214742,,,,,0.096,0.005,0.06,0.04,,,,,4425.0,70.0,0.67,0.02,0.68,0.02,0.02,0.09,4.63,0.01,3.4,0.7,,,103.5,1.795
1,1,10.02165,0.00055,,,11.882,0.785,0.3,0.05,0.3,0.02,17.43,0.98,,,6040.0,90.0,1.22,0.06,1.29,0.3,-0.11,0.11,4.28,0.16,,,,,46.9,5.15
1,1,3.6112706,4.3e-06,0.0514,0.0007,16.511,1.076,4.85,0.21,0.057,0.019999999999999997,5.9,0.33,,,6450.0,120.0,1.87,0.11,1.39,0.06,-0.05,0.07,4.04,0.05,2.6,0.5,15.1,1.2,2.0,4.0
1,1,1.27492504,1.45e-07,0.02596,0.00053,19.649,0.404,1.157,0.07,0.0,0.0,3.8131,0.00675,0.12355,0.00031,6586.0,59.0,1.46,0.03,1.36,0.07500000000000001,,,,,,,,,88.1,0.25
2,1,4.17806203,7.05e-07,0.0484,0.001155,14.695,0.3025,0.1647,0.019299999999999998,0.0,0.0,7.81,0.1,0.10103,0.000365,5750.0,100.0,1.33,0.03,0.95,0.02,,,,,,,,,128.4,5.55
1,1,5.322023,5e-06,0.0607,0.0009,13.675,0.56,0.27,0.02,0.0,0.0,,,,,6030.0,90.0,1.53,0.05,1.06,0.06,-0.18,0.08,4.09,0.03,4.5,3.5,3.0,0.9,123.7,10.4
1,2,8.803809,4.3e-05,0.08215,0.00118,8.474,0.16849999999999998,0.287,0.019,0.208,0.0225,19.33,0.41500000000000004,0.08498,0.00072,5555.0,90.0,0.91,0.01,0.95,0.04,0.099,0.078,4.5,0.025,3.6,3.35,,,8.2,9.2
1,1,3.8361623,1.5e-06,0.0458,0.0008500000000000001,6.028,0.124,0.13152,0.00912,0.0,0.0,,,0.06684,0.00079,4987.0,56.5,0.83,0.01,0.87,0.03,0.305,0.058499999999999996,4.54,0.02,5.6,3.55,,,106.0,14.0
1,1,5.44354,4e-06,0.0641,0.0011,7.062,0.336,0.101,0.005,0.0,0.0,11.3,0.6,,,6050.0,50.0,1.22,0.06,1.19,0.06,0.19,0.05,4.34,0.05,2.1,0.9,5.1,0.3,0.0,28.0
1,1,2.0219596,6e-07,0.0365,0.0006,17.71,0.56,8.0,8.0,,,,,,,7000.0,250.0,1.79,0.05,1.59,0.08,0.1,0.1,4.13,0.02,1.29,0.315,49.94,0.04,165.0,5.0
1,1,4.2337005,1.8e-06,0.05503,0.00056,16.107,0.56,0.33,0.091,0.0,0.0,8.789,0.088,0.1098,0.003,6399.0,68.0,1.35,0.02,1.24,0.04,0.06,0.06,4.27,0.01,2.2,0.52,16.24,0.53,31.0,1.0
2,1,3.409264,1e-06,0.048,0.001,13.899,0.448,0.9,0.1,0.0,0.0,,,,,6600.0,200.0,1.19,0.06,1.3,0.1,0.1,0.2,4.42,0.01,1.2,1.0,19.9,0.6,157.0,2.0
1,1,5.367753,4e-06,0.0663,0.0008,12.89,1.009,1.0,0.1,0.0,0.0,,,,,6400.0,100.0,1.6,0.1,1.35,0.05,-0.02,0.05,4.17,0.04,,,13.3,0.6,21.0,6.0
1,1,3.19154,0.00014,,,15.805,1.345,7.29,1.19,0.29,0.0,4.95,0.18,,,6429.0,50.0,1.54,0.11,0.58,0.14,-0.18,0.18,3.95,0.06,,,,,37.3,3.0
1,1,4.12508,4e-06,,,14.011,0.897,1.42,0.19,0.0,0.0,7.68,0.11,,,6397.0,70.0,1.45,0.09,1.1,0.22,-0.04,0.04,4.18,0.03,,,,,46.7,7.1
1,1,3.7650007,8.1e-06,0.0815,0.0077,23.203,2.466,4.4,4.4,0.0,0.0,9.08,0.17,0.11,0.006,6720.0,100.0,1.93,0.18,1.47,0.06,-0.07,0.1,4.04,0.1,1.88,0.55,48.0,3.0,20.7,2.3
1,1,1.744579,8e-06,0.0338,0.0003,16.477,1.121,19.7,1.6,0.0,0.0,4.67,0.43500000000000005,0.095,0.002,7000.0,200.0,1.56,0.1,1.68,0.1,0.35,0.1,4.27,0.05,0.27,0.12,40.0,10.0,6.8,1.7
1,1,4.375021,1e-05,0.05036,0.000265,6.882,0.191,0.074,0.011,0.0,0.0,9.81,0.14,0.057,0.0012,5732.0,25.0,1.1,0.02,0.89,0.015,-0.102,0.043,4.3,0.01,11.89,0.6,3.1,0.27,108.0,13.5
1,2,6.134989,1.3e-06,0.0701,0.0004,12.554,1.009,2.182,0.033,0.301,0.006,7.46,0.125,0.05541,0.00021,5788.0,51.0,2.03,0.16,1.22,0.02,0.22,0.02,3.99,0.12,5.25,0.35,3.23,0.77,0.0,16.75
1,6,8.8803256,4.7e-06,0.0804,0.0024000000000000002,3.41,0.075,0.03146,0.0022,0.031,0.010499999999999999,18.36,0.41500000000000004,0.03319,0.000245,5348.0,100.0,0.94,0.02,0.81,0.04,-0.15,0.06,4.3,0.1,8.7,8.7,2.0,2.0,3.7,5.0
1,1,28.380619,0.0005395,0.1796,0.0015,9.11,0.17,,,,,47.25,1.355,0.0951,0.0009499999999999999,5370.0,68.0,0.88,0.01,0.96,0.02,0.24,0.05,4.54,0.02,,,,,17.0,7.0
1,1,12.4551225,3.1e-06,0.1016,0.00185,8.676,0.28,0.26,0.020999999999999998,0.0697,0.0405,26.62,0.535,0.09679,0.000565,5282.0,39.5,0.82,0.025,0.9,0.05,0.098,0.0675,4.57,0.015,1.8,1.75,1.9,0.5,24.0,11.0
2,1,2.8717518,2.8e-06,0.0455,0.00068,17.598,0.4375,1.18,0.11,0.0,0.0,5.138,0.057999999999999996,0.08462,0.00091,6670.0,120.0,1.91,0.04,1.52,0.07,0.09,0.13,4.06,0.01,1.9,0.2,12.3,0.3,91.7,2.0
2,1,5.55149296,5.149999999999999e-07,0.0665,0.0011,12.711,0.297,4.59,0.18,0.0319,0.0076500000000000005,10.67,0.155,0.08702,0.000105,6426.0,92.0,1.34,0.03,1.27,0.06,0.138,0.08399999999999999,4.29,0.01,1.98,0.87,19.74,0.14,1.4,4.800000000000001
1,1,4.511164,6.1e-05,0.063,0.0027,17.878,0.5155000000000001,0.74,0.125,0.0,0.0,,,0.09619,0.00101,6478.0,91.5,1.7,0.045,1.64,0.20500000000000002,-0.06,0.09,4.2,0.045,2.17,0.37,15.2,0.8,11.3,4.8
1,1,6.9839095,5.1e-06,0.0723,0.0013,12.229,0.29700000000000004,6.01,0.235,0.151,0.0115,12.61,0.30000000000000004,0.09097,0.00053,5925.0,80.5,1.23,0.03,1.03,0.06,-0.069,0.07200000000000001,4.27,0.025,6.8,2.25,4.08,0.5,10.0,13.0
1,1,11.2366,0.00011,0.1038,0.0017,13.115,0.336,1.236,0.068,0.435,0.024,,,0.0942,0.0010999999999999998,6295.0,77.0,1.28,0.03,1.18,0.06,0.0,0.05,4.29,0.03,2.92,0.765,7.8,0.19,0.0,1.0
3,2,10.156272,3.5499999999999996e-05,0.08598,0.000245,4.67,0.32,,,0.32,0.195,,,0.0479,0.0015,4928.0,105.0,0.89,0.055,0.82,0.01,,,,,0.053,0.0215,14.24,0.52,0.0,21.5
1,1,1.902603,1.1e-05,0.0389,0.0011,21.017,0.594,2.3,2.3,0.01,0.01,4.291,0.059,0.0988,0.00135,7300.0,100.0,1.95,0.05,1.79,0.26,-0.1,0.12,4.1,0.2,,,85.1,6.3,117.24,0.665
1,1,63.48347,0.0001,0.337,0.039999999999999994,9.752,0.785,,,0.57,0.14,53.7,4.35,0.066,0.00045,6341.0,69.0,1.36,0.11,1.29,0.06,0.12,0.055,4.29,0.07,1.41,1.165,12.49,0.33,38.9,2.75
1,1,8.8720982,7.7e-06,0.0892,0.0020499999999999997,11.893,0.3585,3.6,0.33,0.394,0.036500000000000005,13.12,0.48,0.07469,0.00047999999999999996,5977.0,78.5,1.46,0.04,1.2,0.08,0.15,0.10500000000000001,4.19,0.04,4.5,1.9,,,10.0,8.5
1,1,7.18585,1e-05,0.073,0.0007,11.209,0.28,0.64,0.04,0.0,0.0,14.3,0.25,0.092,0.001,5831.0,80.0,1.12,0.02,1.01,0.03,0.06,0.05,4.34,0.03,6.7,1.65,2.2,0.5,10.0,20.5
1,2,5.4588385,7.1e-06,0.06519,0.000845,4.74,0.15000000000000002,,,0.0,0.0,11.32,0.29500000000000004,0.03498,0.0006249999999999999,6150.0,120.0,1.24,0.03,1.24,0.05,0.18,0.13,4.22,0.055,0.8,1.75,,,1.0,48.0
2,1,2.6556777,4.4e-07,0.039,0.001,13.899,0.336,1.265,0.065,0.0,0.0,,,,,6112.0,27.0,0.94,0.02,1.09,0.08,,,,,,,,,16.2,2.9
1,1,11.55098,1e-05,0.1012,0.0014,9.976,0.336,1.23,0.04,0.0,0.0,,,,,5625.0,90.0,0.96,0.03,1.04,0.04,0.26,0.1,4.49,0.02,2.0,2.0,0.5,0.5,1.0,2.0
2,1,5.924262,4e-06,0.062,0.002,8.967,0.56,0.117,0.017,0.0,0.0,,,,,5310.0,90.0,0.8,0.04,0.92,0.1,0.2,0.09,4.59,0.06,0.5,0.5,4.2,1.1,85.6,5.95
1,1,3.3448285,1.2e-06,0.0558,0.001,20.288,1.009,1.66,0.12,0.0,0.0,7.17,0.21,,,9360.0,150.0,1.67,0.07,2.07,0.11,0.21,0.16,4.31,0.04,,,8.2,0.6,105.7,3.9000000000000004
1,1,2.724033,2.724033,0.05053,0.00098,18.147,0.235,1.99,0.15000000000000002,0.0,0.0,4.6,0.028,0.07045,0.00014,8000.0,80.0,2.36,0.03,2.03,0.07,0.29,0.13,3.9,0.2,0.73,0.13,93.1,1.7,90.07,0.24
